symbol,rows,min_date,max_date,fields,success,error
000001,127,2026-01-06,2026-07-06,"symbol,trade_date,main_net,small_net,medium_net,mid_net,large_net,super_net,main_net_rate,small_net_rate,medium_net_rate,large_net_rate,super_net_rate,close,pct_change,source,raw_update_time,fetched_at",True,
000002,127,2026-01-06,2026-07-06,"symbol,trade_date,main_net,small_net,medium_net,mid_net,large_net,super_net,main_net_rate,small_net_rate,medium_net_rate,large_net_rate,super_net_rate,close,pct_change,source,raw_update_time,fetched_at",True,
000063,127,2026-01-06,2026-07-06,"symbol,trade_date,main_net,small_net,medium_net,mid_net,large_net,super_net,main_net_rate,small_net_rate,medium_net_rate,large_net_rate,super_net_rate,close,pct_change,source,raw_update_time,fetched_at",True,
000100,127,2026-01-06,2026-07-06,"symbol,trade_date,main_net,small_net,medium_net,mid_net,large_net,super_net,main_net_rate,small_net_rate,medium_net_rate,large_net_rate,super_net_rate,close,pct_change,source,raw_update_time,fetched_at",True,
000157,120,2026-01-05,2026-07-06,"symbol,trade_date,main_net,small_net,medium_net,mid_net,large_net,super_net,main_net_rate,small_net_rate,medium_net_rate,large_net_rate,super_net_rate,close,pct_change,source,raw_update_time,fetched_at",True,
000166,120,2026-01-05,2026-07-06,"symbol,trade_date,main_net,small_net,medium_net,mid_net,large_net,super_net,main_net_rate,small_net_rate,medium_net_rate,large_net_rate,super_net_rate,close,pct_change,source,raw_update_time,fetched_at",True,
000301,120,2026-01-05,2026-07-06,"symbol,trade_date,main_net,small_net,medium_net,mid_net,large_net,super_net,main_net_rate,small_net_rate,medium_net_rate,large_net_rate,super_net_rate,close,pct_change,source,raw_update_time,fetched_at",True,
000333,120,2026-01-05,2026-07-06,"symbol,trade_date,main_net,small_net,medium_net,mid_net,large_net,super_net,main_net_rate,small_net_rate,medium_net_rate,large_net_rate,super_net_rate,close,pct_change,source,raw_update_time,fetched_at",True,
000338,120,2026-01-05,2026-07-06,"symbol,trade_date,main_net,small_net,medium_net,mid_net,large_net,super_net,main_net_rate,small_net_rate,medium_net_rate,large_net_rate,super_net_rate,close,pct_change,source,raw_update_time,fetched_at",True,
000408,120,2026-01-05,2026-07-06,"symbol,trade_date,main_net,small_net,medium_net,mid_net,large_net,super_net,main_net_rate,small_net_rate,medium_net_rate,large_net_rate,super_net_rate,close,pct_change,source,raw_update_time,fetched_at",True,
000425,120,2026-01-05,2026-07-06,"symbol,trade_date,main_net,small_net,medium_net,mid_net,large_net,super_net,main_net_rate,small_net_rate,medium_net_rate,large_net_rate,super_net_rate,close,pct_change,source,raw_update_time,fetched_at",True,
000538,120,2026-01-05,2026-07-06,"symbol,trade_date,main_net,small_net,medium_net,mid_net,large_net,super_net,main_net_rate,small_net_rate,medium_net_rate,large_net_rate,super_net_rate,close,pct_change,source,raw_update_time,fetched_at",True,
000568,120,2026-01-05,2026-07-06,"symbol,trade_date,main_net,small_net,medium_net,mid_net,large_net,super_net,main_net_rate,small_net_rate,medium_net_rate,large_net_rate,super_net_rate,close,pct_change,source,raw_update_time,fetched_at",True,
000596,120,2026-01-05,2026-07-06,"symbol,trade_date,main_net,small_net,medium_net,mid_net,large_net,super_net,main_net_rate,small_net_rate,medium_net_rate,large_net_rate,super_net_rate,close,pct_change,source,raw_update_time,fetched_at",True,
000617,120,2026-01-05,2026-07-06,"symbol,trade_date,main_net,small_net,medium_net,mid_net,large_net,super_net,main_net_rate,small_net_rate,medium_net_rate,large_net_rate,super_net_rate,close,pct_change,source,raw_update_time,fetched_at",True,
000625,120,2026-01-05,2026-07-06,"symbol,trade_date,main_net,small_net,medium_net,mid_net,large_net,super_net,main_net_rate,small_net_rate,medium_net_rate,large_net_rate,super_net_rate,close,pct_change,source,raw_update_time,fetched_at",True,
000630,120,2026-01-05,2026-07-06,"symbol,trade_date,main_net,small_net,medium_net,mid_net,large_net,super_net,main_net_rate,small_net_rate,medium_net_rate,large_net_rate,super_net_rate,close,pct_change,source,raw_update_time,fetched_at",True,
000651,120,2026-01-05,2026-07-06,"symbol,trade_date,main_net,small_net,medium_net,mid_net,large_net,super_net,main_net_rate,small_net_rate,medium_net_rate,large_net_rate,super_net_rate,close,pct_change,source,raw_update_time,fetched_at",True,
000657,120,2026-01-05,2026-07-06,"symbol,trade_date,main_net,small_net,medium_net,mid_net,large_net,super_net,main_net_rate,small_net_rate,medium_net_rate,large_net_rate,super_net_rate,close,pct_change,source,raw_update_time,fetched_at",True,
000708,120,2026-01-05,2026-07-06,"symbol,trade_date,main_net,small_net,medium_net,mid_net,large_net,super_net,main_net_rate,small_net_rate,medium_net_rate,large_net_rate,super_net_rate,close,pct_change,source,raw_update_time,fetched_at",True,
000725,120,2026-01-05,2026-07-06,"symbol,trade_date,main_net,small_net,medium_net,mid_net,large_net,super_net,main_net_rate,small_net_rate,medium_net_rate,large_net_rate,super_net_rate,close,pct_change,source,raw_update_time,fetched_at",True,
000768,120,2026-01-05,2026-07-06,"symbol,trade_date,main_net,small_net,medium_net,mid_net,large_net,super_net,main_net_rate,small_net_rate,medium_net_rate,large_net_rate,super_net_rate,close,pct_change,source,raw_update_time,fetched_at",True,
000776,120,2026-01-05,2026-07-06,"symbol,trade_date,main_net,small_net,medium_net,mid_net,large_net,super_net,main_net_rate,small_net_rate,medium_net_rate,large_net_rate,super_net_rate,close,pct_change,source,raw_update_time,fetched_at",True,
000792,120,2026-01-05,2026-07-06,"symbol,trade_date,main_net,small_net,medium_net,mid_net,large_net,super_net,main_net_rate,small_net_rate,medium_net_rate,large_net_rate,super_net_rate,close,pct_change,source,raw_update_time,fetched_at",True,
000807,120,2026-01-05,2026-07-06,"symbol,trade_date,main_net,small_net,medium_net,mid_net,large_net,super_net,main_net_rate,small_net_rate,medium_net_rate,large_net_rate,super_net_rate,close,pct_change,source,raw_update_time,fetched_at",True,
000858,120,2026-01-05,2026-07-06,"symbol,trade_date,main_net,small_net,medium_net,mid_net,large_net,super_net,main_net_rate,small_net_rate,medium_net_rate,large_net_rate,super_net_rate,close,pct_change,source,raw_update_time,fetched_at",True,
000895,120,2026-01-05,2026-07-06,"symbol,trade_date,main_net,small_net,medium_net,mid_net,large_net,super_net,main_net_rate,small_net_rate,medium_net_rate,large_net_rate,super_net_rate,close,pct_change,source,raw_update_time,fetched_at",True,
000938,120,2026-01-05,2026-07-06,"symbol,trade_date,main_net,small_net,medium_net,mid_net,large_net,super_net,main_net_rate,small_net_rate,medium_net_rate,large_net_rate,super_net_rate,close,pct_change,source,raw_update_time,fetched_at",True,
000963,120,2026-01-05,2026-07-06,"symbol,trade_date,main_net,small_net,medium_net,mid_net,large_net,super_net,main_net_rate,small_net_rate,medium_net_rate,large_net_rate,super_net_rate,close,pct_change,source,raw_update_time,fetched_at",True,
000975,120,2026-01-05,2026-07-06,"symbol,trade_date,main_net,small_net,medium_net,mid_net,large_net,super_net,main_net_rate,small_net_rate,medium_net_rate,large_net_rate,super_net_rate,close,pct_change,source,raw_update_time,fetched_at",True,
000977,120,2026-01-05,2026-07-06,"symbol,trade_date,main_net,small_net,medium_net,mid_net,large_net,super_net,main_net_rate,small_net_rate,medium_net_rate,large_net_rate,super_net_rate,close,pct_change,source,raw_update_time,fetched_at",True,
000988,120,2026-01-05,2026-07-06,"symbol,trade_date,main_net,small_net,medium_net,mid_net,large_net,super_net,main_net_rate,small_net_rate,medium_net_rate,large_net_rate,super_net_rate,close,pct_change,source,raw_update_time,fetched_at",True,
000999,120,2026-01-05,2026-07-06,"symbol,trade_date,main_net,small_net,medium_net,mid_net,large_net,super_net,main_net_rate,small_net_rate,medium_net_rate,large_net_rate,super_net_rate,close,pct_change,source,raw_update_time,fetched_at",True,
001280,120,2026-01-05,2026-07-06,"symbol,trade_date,main_net,small_net,medium_net,mid_net,large_net,super_net,main_net_rate,small_net_rate,medium_net_rate,large_net_rate,super_net_rate,close,pct_change,source,raw_update_time,fetched_at",True,
001391,120,2026-01-05,2026-07-06,"symbol,trade_date,main_net,small_net,medium_net,mid_net,large_net,super_net,main_net_rate,small_net_rate,medium_net_rate,large_net_rate,super_net_rate,close,pct_change,source,raw_update_time,fetched_at",True,
001965,120,2026-01-05,2026-07-06,"symbol,trade_date,main_net,small_net,medium_net,mid_net,large_net,super_net,main_net_rate,small_net_rate,medium_net_rate,large_net_rate,super_net_rate,close,pct_change,source,raw_update_time,fetched_at",True,
001979,120,2026-01-05,2026-07-06,"symbol,trade_date,main_net,small_net,medium_net,mid_net,large_net,super_net,main_net_rate,small_net_rate,medium_net_rate,large_net_rate,super_net_rate,close,pct_change,source,raw_update_time,fetched_at",True,
002001,120,2026-01-05,2026-07-06,"symbol,trade_date,main_net,small_net,medium_net,mid_net,large_net,super_net,main_net_rate,small_net_rate,medium_net_rate,large_net_rate,super_net_rate,close,pct_change,source,raw_update_time,fetched_at",True,
002027,120,2026-01-05,2026-07-06,"symbol,trade_date,main_net,small_net,medium_net,mid_net,large_net,super_net,main_net_rate,small_net_rate,medium_net_rate,large_net_rate,super_net_rate,close,pct_change,source,raw_update_time,fetched_at",True,
002028,120,2026-01-05,2026-07-06,"symbol,trade_date,main_net,small_net,medium_net,mid_net,large_net,super_net,main_net_rate,small_net_rate,medium_net_rate,large_net_rate,super_net_rate,close,pct_change,source,raw_update_time,fetched_at",True,
002049,120,2025-12-18,2026-07-06,"symbol,trade_date,main_net,small_net,medium_net,mid_net,large_net,super_net,main_net_rate,small_net_rate,medium_net_rate,large_net_rate,super_net_rate,close,pct_change,source,raw_update_time,fetched_at",True,
002050,120,2026-01-05,2026-07-06,"symbol,trade_date,main_net,small_net,medium_net,mid_net,large_net,super_net,main_net_rate,small_net_rate,medium_net_rate,large_net_rate,super_net_rate,close,pct_change,source,raw_update_time,fetched_at",True,
002074,120,2026-01-05,2026-07-06,"symbol,trade_date,main_net,small_net,medium_net,mid_net,large_net,super_net,main_net_rate,small_net_rate,medium_net_rate,large_net_rate,super_net_rate,close,pct_change,source,raw_update_time,fetched_at",True,
002142,120,2026-01-05,2026-07-06,"symbol,trade_date,main_net,small_net,medium_net,mid_net,large_net,super_net,main_net_rate,small_net_rate,medium_net_rate,large_net_rate,super_net_rate,close,pct_change,source,raw_update_time,fetched_at",True,
002179,120,2026-01-05,2026-07-06,"symbol,trade_date,main_net,small_net,medium_net,mid_net,large_net,super_net,main_net_rate,small_net_rate,medium_net_rate,large_net_rate,super_net_rate,close,pct_change,source,raw_update_time,fetched_at",True,
002202,120,2026-01-05,2026-07-06,"symbol,trade_date,main_net,small_net,medium_net,mid_net,large_net,super_net,main_net_rate,small_net_rate,medium_net_rate,large_net_rate,super_net_rate,close,pct_change,source,raw_update_time,fetched_at",True,
002230,120,2026-01-05,2026-07-06,"symbol,trade_date,main_net,small_net,medium_net,mid_net,large_net,super_net,main_net_rate,small_net_rate,medium_net_rate,large_net_rate,super_net_rate,close,pct_change,source,raw_update_time,fetched_at",True,
002236,120,2026-01-05,2026-07-06,"symbol,trade_date,main_net,small_net,medium_net,mid_net,large_net,super_net,main_net_rate,small_net_rate,medium_net_rate,large_net_rate,super_net_rate,close,pct_change,source,raw_update_time,fetched_at",True,
002241,120,2026-01-05,2026-07-06,"symbol,trade_date,main_net,small_net,medium_net,mid_net,large_net,super_net,main_net_rate,small_net_rate,medium_net_rate,large_net_rate,super_net_rate,close,pct_change,source,raw_update_time,fetched_at",True,
002304,120,2026-01-05,2026-07-06,"symbol,trade_date,main_net,small_net,medium_net,mid_net,large_net,super_net,main_net_rate,small_net_rate,medium_net_rate,large_net_rate,super_net_rate,close,pct_change,source,raw_update_time,fetched_at",True,
002311,120,2026-01-05,2026-07-06,"symbol,trade_date,main_net,small_net,medium_net,mid_net,large_net,super_net,main_net_rate,small_net_rate,medium_net_rate,large_net_rate,super_net_rate,close,pct_change,source,raw_update_time,fetched_at",True,
002352,120,2026-01-05,2026-07-06,"symbol,trade_date,main_net,small_net,medium_net,mid_net,large_net,super_net,main_net_rate,small_net_rate,medium_net_rate,large_net_rate,super_net_rate,close,pct_change,source,raw_update_time,fetched_at",True,
002353,120,2026-01-05,2026-07-06,"symbol,trade_date,main_net,small_net,medium_net,mid_net,large_net,super_net,main_net_rate,small_net_rate,medium_net_rate,large_net_rate,super_net_rate,close,pct_change,source,raw_update_time,fetched_at",True,
002371,120,2026-01-05,2026-07-06,"symbol,trade_date,main_net,small_net,medium_net,mid_net,large_net,super_net,main_net_rate,small_net_rate,medium_net_rate,large_net_rate,super_net_rate,close,pct_change,source,raw_update_time,fetched_at",True,
002384,120,2026-01-05,2026-07-06,"symbol,trade_date,main_net,small_net,medium_net,mid_net,large_net,super_net,main_net_rate,small_net_rate,medium_net_rate,large_net_rate,super_net_rate,close,pct_change,source,raw_update_time,fetched_at",True,
002415,120,2026-01-05,2026-07-06,"symbol,trade_date,main_net,small_net,medium_net,mid_net,large_net,super_net,main_net_rate,small_net_rate,medium_net_rate,large_net_rate,super_net_rate,close,pct_change,source,raw_update_time,fetched_at",True,
002422,120,2026-01-05,2026-07-06,"symbol,trade_date,main_net,small_net,medium_net,mid_net,large_net,super_net,main_net_rate,small_net_rate,medium_net_rate,large_net_rate,super_net_rate,close,pct_change,source,raw_update_time,fetched_at",True,
002460,120,2026-01-05,2026-07-06,"symbol,trade_date,main_net,small_net,medium_net,mid_net,large_net,super_net,main_net_rate,small_net_rate,medium_net_rate,large_net_rate,super_net_rate,close,pct_change,source,raw_update_time,fetched_at",True,
002463,120,2026-01-05,2026-07-06,"symbol,trade_date,main_net,small_net,medium_net,mid_net,large_net,super_net,main_net_rate,small_net_rate,medium_net_rate,large_net_rate,super_net_rate,close,pct_change,source,raw_update_time,fetched_at",True,
002466,120,2026-01-05,2026-07-06,"symbol,trade_date,main_net,small_net,medium_net,mid_net,large_net,super_net,main_net_rate,small_net_rate,medium_net_rate,large_net_rate,super_net_rate,close,pct_change,source,raw_update_time,fetched_at",True,
002475,120,2026-01-05,2026-07-06,"symbol,trade_date,main_net,small_net,medium_net,mid_net,large_net,super_net,main_net_rate,small_net_rate,medium_net_rate,large_net_rate,super_net_rate,close,pct_change,source,raw_update_time,fetched_at",True,
002493,120,2026-01-05,2026-07-06,"symbol,trade_date,main_net,small_net,medium_net,mid_net,large_net,super_net,main_net_rate,small_net_rate,medium_net_rate,large_net_rate,super_net_rate,close,pct_change,source,raw_update_time,fetched_at",True,
002532,120,2026-01-05,2026-07-06,"symbol,trade_date,main_net,small_net,medium_net,mid_net,large_net,super_net,main_net_rate,small_net_rate,medium_net_rate,large_net_rate,super_net_rate,close,pct_change,source,raw_update_time,fetched_at",True,
002558,120,2026-01-05,2026-07-06,"symbol,trade_date,main_net,small_net,medium_net,mid_net,large_net,super_net,main_net_rate,small_net_rate,medium_net_rate,large_net_rate,super_net_rate,close,pct_change,source,raw_update_time,fetched_at",True,
002594,120,2026-01-05,2026-07-06,"symbol,trade_date,main_net,small_net,medium_net,mid_net,large_net,super_net,main_net_rate,small_net_rate,medium_net_rate,large_net_rate,super_net_rate,close,pct_change,source,raw_update_time,fetched_at",True,
002600,120,2026-01-05,2026-07-06,"symbol,trade_date,main_net,small_net,medium_net,mid_net,large_net,super_net,main_net_rate,small_net_rate,medium_net_rate,large_net_rate,super_net_rate,close,pct_change,source,raw_update_time,fetched_at",True,
002602,120,2026-01-05,2026-07-06,"symbol,trade_date,main_net,small_net,medium_net,mid_net,large_net,super_net,main_net_rate,small_net_rate,medium_net_rate,large_net_rate,super_net_rate,close,pct_change,source,raw_update_time,fetched_at",True,
002625,120,2026-01-05,2026-07-06,"symbol,trade_date,main_net,small_net,medium_net,mid_net,large_net,super_net,main_net_rate,small_net_rate,medium_net_rate,large_net_rate,super_net_rate,close,pct_change,source,raw_update_time,fetched_at",True,
002648,120,2026-01-05,2026-07-06,"symbol,trade_date,main_net,small_net,medium_net,mid_net,large_net,super_net,main_net_rate,small_net_rate,medium_net_rate,large_net_rate,super_net_rate,close,pct_change,source,raw_update_time,fetched_at",True,
002709,120,2026-01-05,2026-07-06,"symbol,trade_date,main_net,small_net,medium_net,mid_net,large_net,super_net,main_net_rate,small_net_rate,medium_net_rate,large_net_rate,super_net_rate,close,pct_change,source,raw_update_time,fetched_at",True,
002714,120,2026-01-05,2026-07-06,"symbol,trade_date,main_net,small_net,medium_net,mid_net,large_net,super_net,main_net_rate,small_net_rate,medium_net_rate,large_net_rate,super_net_rate,close,pct_change,source,raw_update_time,fetched_at",True,
002736,120,2026-01-05,2026-07-06,"symbol,trade_date,main_net,small_net,medium_net,mid_net,large_net,super_net,main_net_rate,small_net_rate,medium_net_rate,large_net_rate,super_net_rate,close,pct_change,source,raw_update_time,fetched_at",True,
002837,120,2026-01-05,2026-07-06,"symbol,trade_date,main_net,small_net,medium_net,mid_net,large_net,super_net,main_net_rate,small_net_rate,medium_net_rate,large_net_rate,super_net_rate,close,pct_change,source,raw_update_time,fetched_at",True,
002916,120,2026-01-05,2026-07-06,"symbol,trade_date,main_net,small_net,medium_net,mid_net,large_net,super_net,main_net_rate,small_net_rate,medium_net_rate,large_net_rate,super_net_rate,close,pct_change,source,raw_update_time,fetched_at",True,
002920,120,2026-01-05,2026-07-06,"symbol,trade_date,main_net,small_net,medium_net,mid_net,large_net,super_net,main_net_rate,small_net_rate,medium_net_rate,large_net_rate,super_net_rate,close,pct_change,source,raw_update_time,fetched_at",True,
002938,120,2026-01-05,2026-07-06,"symbol,trade_date,main_net,small_net,medium_net,mid_net,large_net,super_net,main_net_rate,small_net_rate,medium_net_rate,large_net_rate,super_net_rate,close,pct_change,source,raw_update_time,fetched_at",True,
003816,120,2026-01-05,2026-07-06,"symbol,trade_date,main_net,small_net,medium_net,mid_net,large_net,super_net,main_net_rate,small_net_rate,medium_net_rate,large_net_rate,super_net_rate,close,pct_change,source,raw_update_time,fetched_at",True,
300014,120,2026-01-05,2026-07-06,"symbol,trade_date,main_net,small_net,medium_net,mid_net,large_net,super_net,main_net_rate,small_net_rate,medium_net_rate,large_net_rate,super_net_rate,close,pct_change,source,raw_update_time,fetched_at",True,
300015,120,2026-01-05,2026-07-06,"symbol,trade_date,main_net,small_net,medium_net,mid_net,large_net,super_net,main_net_rate,small_net_rate,medium_net_rate,large_net_rate,super_net_rate,close,pct_change,source,raw_update_time,fetched_at",True,
300033,120,2026-01-05,2026-07-06,"symbol,trade_date,main_net,small_net,medium_net,mid_net,large_net,super_net,main_net_rate,small_net_rate,medium_net_rate,large_net_rate,super_net_rate,close,pct_change,source,raw_update_time,fetched_at",True,
300059,120,2026-01-05,2026-07-06,"symbol,trade_date,main_net,small_net,medium_net,mid_net,large_net,super_net,main_net_rate,small_net_rate,medium_net_rate,large_net_rate,super_net_rate,close,pct_change,source,raw_update_time,fetched_at",True,
300122,120,2026-01-05,2026-07-06,"symbol,trade_date,main_net,small_net,medium_net,mid_net,large_net,super_net,main_net_rate,small_net_rate,medium_net_rate,large_net_rate,super_net_rate,close,pct_change,source,raw_update_time,fetched_at",True,
300124,120,2026-01-05,2026-07-06,"symbol,trade_date,main_net,small_net,medium_net,mid_net,large_net,super_net,main_net_rate,small_net_rate,medium_net_rate,large_net_rate,super_net_rate,close,pct_change,source,raw_update_time,fetched_at",True,
300251,120,2026-01-05,2026-07-06,"symbol,trade_date,main_net,small_net,medium_net,mid_net,large_net,super_net,main_net_rate,small_net_rate,medium_net_rate,large_net_rate,super_net_rate,close,pct_change,source,raw_update_time,fetched_at",True,
300274,120,2026-01-05,2026-07-06,"symbol,trade_date,main_net,small_net,medium_net,mid_net,large_net,super_net,main_net_rate,small_net_rate,medium_net_rate,large_net_rate,super_net_rate,close,pct_change,source,raw_update_time,fetched_at",True,
300308,120,2026-01-05,2026-07-06,"symbol,trade_date,main_net,small_net,medium_net,mid_net,large_net,super_net,main_net_rate,small_net_rate,medium_net_rate,large_net_rate,super_net_rate,close,pct_change,source,raw_update_time,fetched_at",True,
300316,120,2026-01-05,2026-07-06,"symbol,trade_date,main_net,small_net,medium_net,mid_net,large_net,super_net,main_net_rate,small_net_rate,medium_net_rate,large_net_rate,super_net_rate,close,pct_change,source,raw_update_time,fetched_at",True,
300394,120,2026-01-05,2026-07-06,"symbol,trade_date,main_net,small_net,medium_net,mid_net,large_net,super_net,main_net_rate,small_net_rate,medium_net_rate,large_net_rate,super_net_rate,close,pct_change,source,raw_update_time,fetched_at",True,
300408,120,2026-01-05,2026-07-06,"symbol,trade_date,main_net,small_net,medium_net,mid_net,large_net,super_net,main_net_rate,small_net_rate,medium_net_rate,large_net_rate,super_net_rate,close,pct_change,source,raw_update_time,fetched_at",True,
300413,120,2026-01-05,2026-07-06,"symbol,trade_date,main_net,small_net,medium_net,mid_net,large_net,super_net,main_net_rate,small_net_rate,medium_net_rate,large_net_rate,super_net_rate,close,pct_change,source,raw_update_time,fetched_at",True,
300418,120,2026-01-05,2026-07-06,"symbol,trade_date,main_net,small_net,medium_net,mid_net,large_net,super_net,main_net_rate,small_net_rate,medium_net_rate,large_net_rate,super_net_rate,close,pct_change,source,raw_update_time,fetched_at",True,
300433,120,2026-01-05,2026-07-06,"symbol,trade_date,main_net,small_net,medium_net,mid_net,large_net,super_net,main_net_rate,small_net_rate,medium_net_rate,large_net_rate,super_net_rate,close,pct_change,source,raw_update_time,fetched_at",True,
300442,120,2025-12-24,2026-07-06,"symbol,trade_date,main_net,small_net,medium_net,mid_net,large_net,super_net,main_net_rate,small_net_rate,medium_net_rate,large_net_rate,super_net_rate,close,pct_change,source,raw_update_time,fetched_at",True,
300450,120,2026-01-05,2026-07-06,"symbol,trade_date,main_net,small_net,medium_net,mid_net,large_net,super_net,main_net_rate,small_net_rate,medium_net_rate,large_net_rate,super_net_rate,close,pct_change,source,raw_update_time,fetched_at",True,
300476,120,2026-01-05,2026-07-06,"symbol,trade_date,main_net,small_net,medium_net,mid_net,large_net,super_net,main_net_rate,small_net_rate,medium_net_rate,large_net_rate,super_net_rate,close,pct_change,source,raw_update_time,fetched_at",True,
300498,127,2026-01-06,2026-07-06,"symbol,trade_date,main_net,small_net,medium_net,mid_net,large_net,super_net,main_net_rate,small_net_rate,medium_net_rate,large_net_rate,super_net_rate,close,pct_change,source,raw_update_time,fetched_at",True,
300502,127,2026-01-06,2026-07-06,"symbol,trade_date,main_net,small_net,medium_net,mid_net,large_net,super_net,main_net_rate,small_net_rate,medium_net_rate,large_net_rate,super_net_rate,close,pct_change,source,raw_update_time,fetched_at",True,
300628,120,2026-01-05,2026-07-06,"symbol,trade_date,main_net,small_net,medium_net,mid_net,large_net,super_net,main_net_rate,small_net_rate,medium_net_rate,large_net_rate,super_net_rate,close,pct_change,source,raw_update_time,fetched_at",True,
300661,120,2026-01-05,2026-07-06,"symbol,trade_date,main_net,small_net,medium_net,mid_net,large_net,super_net,main_net_rate,small_net_rate,medium_net_rate,large_net_rate,super_net_rate,close,pct_change,source,raw_update_time,fetched_at",True,
300750,120,2026-01-05,2026-07-06,"symbol,trade_date,main_net,small_net,medium_net,mid_net,large_net,super_net,main_net_rate,small_net_rate,medium_net_rate,large_net_rate,super_net_rate,close,pct_change,source,raw_update_time,fetched_at",True,
300760,120,2026-01-05,2026-07-06,"symbol,trade_date,main_net,small_net,medium_net,mid_net,large_net,super_net,main_net_rate,small_net_rate,medium_net_rate,large_net_rate,super_net_rate,close,pct_change,source,raw_update_time,fetched_at",True,
300803,120,2026-01-05,2026-07-06,"symbol,trade_date,main_net,small_net,medium_net,mid_net,large_net,super_net,main_net_rate,small_net_rate,medium_net_rate,large_net_rate,super_net_rate,close,pct_change,source,raw_update_time,fetched_at",True,
300832,120,2026-01-05,2026-07-06,"symbol,trade_date,main_net,small_net,medium_net,mid_net,large_net,super_net,main_net_rate,small_net_rate,medium_net_rate,large_net_rate,super_net_rate,close,pct_change,source,raw_update_time,fetched_at",True,
300866,120,2026-01-05,2026-07-06,"symbol,trade_date,main_net,small_net,medium_net,mid_net,large_net,super_net,main_net_rate,small_net_rate,medium_net_rate,large_net_rate,super_net_rate,close,pct_change,source,raw_update_time,fetched_at",True,
300896,120,2026-01-05,2026-07-06,"symbol,trade_date,main_net,small_net,medium_net,mid_net,large_net,super_net,main_net_rate,small_net_rate,medium_net_rate,large_net_rate,super_net_rate,close,pct_change,source,raw_update_time,fetched_at",True,
300999,120,2026-01-05,2026-07-06,"symbol,trade_date,main_net,small_net,medium_net,mid_net,large_net,super_net,main_net_rate,small_net_rate,medium_net_rate,large_net_rate,super_net_rate,close,pct_change,source,raw_update_time,fetched_at",True,
301165,120,2026-01-05,2026-07-06,"symbol,trade_date,main_net,small_net,medium_net,mid_net,large_net,super_net,main_net_rate,small_net_rate,medium_net_rate,large_net_rate,super_net_rate,close,pct_change,source,raw_update_time,fetched_at",True,
301236,120,2026-01-05,2026-07-06,"symbol,trade_date,main_net,small_net,medium_net,mid_net,large_net,super_net,main_net_rate,small_net_rate,medium_net_rate,large_net_rate,super_net_rate,close,pct_change,source,raw_update_time,fetched_at",True,
301269,120,2026-01-05,2026-07-06,"symbol,trade_date,main_net,small_net,medium_net,mid_net,large_net,super_net,main_net_rate,small_net_rate,medium_net_rate,large_net_rate,super_net_rate,close,pct_change,source,raw_update_time,fetched_at",True,
301308,120,2026-01-05,2026-07-06,"symbol,trade_date,main_net,small_net,medium_net,mid_net,large_net,super_net,main_net_rate,small_net_rate,medium_net_rate,large_net_rate,super_net_rate,close,pct_change,source,raw_update_time,fetched_at",True,
302132,120,2026-01-05,2026-07-06,"symbol,trade_date,main_net,small_net,medium_net,mid_net,large_net,super_net,main_net_rate,small_net_rate,medium_net_rate,large_net_rate,super_net_rate,close,pct_change,source,raw_update_time,fetched_at",True,
600000,120,2026-01-05,2026-07-06,"symbol,trade_date,main_net,small_net,medium_net,mid_net,large_net,super_net,main_net_rate,small_net_rate,medium_net_rate,large_net_rate,super_net_rate,close,pct_change,source,raw_update_time,fetched_at",True,
600009,120,2026-01-05,2026-07-06,"symbol,trade_date,main_net,small_net,medium_net,mid_net,large_net,super_net,main_net_rate,small_net_rate,medium_net_rate,large_net_rate,super_net_rate,close,pct_change,source,raw_update_time,fetched_at",True,
600010,120,2026-01-05,2026-07-06,"symbol,trade_date,main_net,small_net,medium_net,mid_net,large_net,super_net,main_net_rate,small_net_rate,medium_net_rate,large_net_rate,super_net_rate,close,pct_change,source,raw_update_time,fetched_at",True,
600011,120,2026-01-05,2026-07-06,"symbol,trade_date,main_net,small_net,medium_net,mid_net,large_net,super_net,main_net_rate,small_net_rate,medium_net_rate,large_net_rate,super_net_rate,close,pct_change,source,raw_update_time,fetched_at",True,
600015,120,2026-01-05,2026-07-06,"symbol,trade_date,main_net,small_net,medium_net,mid_net,large_net,super_net,main_net_rate,small_net_rate,medium_net_rate,large_net_rate,super_net_rate,close,pct_change,source,raw_update_time,fetched_at",True,
600016,120,2026-01-05,2026-07-06,"symbol,trade_date,main_net,small_net,medium_net,mid_net,large_net,super_net,main_net_rate,small_net_rate,medium_net_rate,large_net_rate,super_net_rate,close,pct_change,source,raw_update_time,fetched_at",True,
600018,120,2026-01-05,2026-07-06,"symbol,trade_date,main_net,small_net,medium_net,mid_net,large_net,super_net,main_net_rate,small_net_rate,medium_net_rate,large_net_rate,super_net_rate,close,pct_change,source,raw_update_time,fetched_at",True,
600019,120,2026-01-05,2026-07-06,"symbol,trade_date,main_net,small_net,medium_net,mid_net,large_net,super_net,main_net_rate,small_net_rate,medium_net_rate,large_net_rate,super_net_rate,close,pct_change,source,raw_update_time,fetched_at",True,
600023,120,2026-01-05,2026-07-06,"symbol,trade_date,main_net,small_net,medium_net,mid_net,large_net,super_net,main_net_rate,small_net_rate,medium_net_rate,large_net_rate,super_net_rate,close,pct_change,source,raw_update_time,fetched_at",True,
600025,120,2026-01-05,2026-07-06,"symbol,trade_date,main_net,small_net,medium_net,mid_net,large_net,super_net,main_net_rate,small_net_rate,medium_net_rate,large_net_rate,super_net_rate,close,pct_change,source,raw_update_time,fetched_at",True,
600026,120,2026-01-05,2026-07-06,"symbol,trade_date,main_net,small_net,medium_net,mid_net,large_net,super_net,main_net_rate,small_net_rate,medium_net_rate,large_net_rate,super_net_rate,close,pct_change,source,raw_update_time,fetched_at",True,
600027,120,2026-01-05,2026-07-06,"symbol,trade_date,main_net,small_net,medium_net,mid_net,large_net,super_net,main_net_rate,small_net_rate,medium_net_rate,large_net_rate,super_net_rate,close,pct_change,source,raw_update_time,fetched_at",True,
600028,120,2026-01-05,2026-07-06,"symbol,trade_date,main_net,small_net,medium_net,mid_net,large_net,super_net,main_net_rate,small_net_rate,medium_net_rate,large_net_rate,super_net_rate,close,pct_change,source,raw_update_time,fetched_at",True,
600029,120,2026-01-05,2026-07-06,"symbol,trade_date,main_net,small_net,medium_net,mid_net,large_net,super_net,main_net_rate,small_net_rate,medium_net_rate,large_net_rate,super_net_rate,close,pct_change,source,raw_update_time,fetched_at",True,
600030,120,2026-01-05,2026-07-06,"symbol,trade_date,main_net,small_net,medium_net,mid_net,large_net,super_net,main_net_rate,small_net_rate,medium_net_rate,large_net_rate,super_net_rate,close,pct_change,source,raw_update_time,fetched_at",True,
600031,120,2026-01-05,2026-07-06,"symbol,trade_date,main_net,small_net,medium_net,mid_net,large_net,super_net,main_net_rate,small_net_rate,medium_net_rate,large_net_rate,super_net_rate,close,pct_change,source,raw_update_time,fetched_at",True,
600036,120,2026-01-05,2026-07-06,"symbol,trade_date,main_net,small_net,medium_net,mid_net,large_net,super_net,main_net_rate,small_net_rate,medium_net_rate,large_net_rate,super_net_rate,close,pct_change,source,raw_update_time,fetched_at",True,
600039,120,2026-01-05,2026-07-06,"symbol,trade_date,main_net,small_net,medium_net,mid_net,large_net,super_net,main_net_rate,small_net_rate,medium_net_rate,large_net_rate,super_net_rate,close,pct_change,source,raw_update_time,fetched_at",True,
600048,120,2026-01-05,2026-07-06,"symbol,trade_date,main_net,small_net,medium_net,mid_net,large_net,super_net,main_net_rate,small_net_rate,medium_net_rate,large_net_rate,super_net_rate,close,pct_change,source,raw_update_time,fetched_at",True,
600050,120,2026-01-05,2026-07-06,"symbol,trade_date,main_net,small_net,medium_net,mid_net,large_net,super_net,main_net_rate,small_net_rate,medium_net_rate,large_net_rate,super_net_rate,close,pct_change,source,raw_update_time,fetched_at",True,
600061,120,2026-01-05,2026-07-06,"symbol,trade_date,main_net,small_net,medium_net,mid_net,large_net,super_net,main_net_rate,small_net_rate,medium_net_rate,large_net_rate,super_net_rate,close,pct_change,source,raw_update_time,fetched_at",True,
600066,120,2026-01-05,2026-07-06,"symbol,trade_date,main_net,small_net,medium_net,mid_net,large_net,super_net,main_net_rate,small_net_rate,medium_net_rate,large_net_rate,super_net_rate,close,pct_change,source,raw_update_time,fetched_at",True,
600085,120,2026-01-05,2026-07-06,"symbol,trade_date,main_net,small_net,medium_net,mid_net,large_net,super_net,main_net_rate,small_net_rate,medium_net_rate,large_net_rate,super_net_rate,close,pct_change,source,raw_update_time,fetched_at",True,
600089,120,2026-01-05,2026-07-06,"symbol,trade_date,main_net,small_net,medium_net,mid_net,large_net,super_net,main_net_rate,small_net_rate,medium_net_rate,large_net_rate,super_net_rate,close,pct_change,source,raw_update_time,fetched_at",True,
600104,120,2026-01-05,2026-07-06,"symbol,trade_date,main_net,small_net,medium_net,mid_net,large_net,super_net,main_net_rate,small_net_rate,medium_net_rate,large_net_rate,super_net_rate,close,pct_change,source,raw_update_time,fetched_at",True,
600111,120,2026-01-05,2026-07-06,"symbol,trade_date,main_net,small_net,medium_net,mid_net,large_net,super_net,main_net_rate,small_net_rate,medium_net_rate,large_net_rate,super_net_rate,close,pct_change,source,raw_update_time,fetched_at",True,
600115,120,2026-01-05,2026-07-06,"symbol,trade_date,main_net,small_net,medium_net,mid_net,large_net,super_net,main_net_rate,small_net_rate,medium_net_rate,large_net_rate,super_net_rate,close,pct_change,source,raw_update_time,fetched_at",True,
600118,120,2026-01-05,2026-07-06,"symbol,trade_date,main_net,small_net,medium_net,mid_net,large_net,super_net,main_net_rate,small_net_rate,medium_net_rate,large_net_rate,super_net_rate,close,pct_change,source,raw_update_time,fetched_at",True,
600150,120,2026-01-05,2026-07-06,"symbol,trade_date,main_net,small_net,medium_net,mid_net,large_net,super_net,main_net_rate,small_net_rate,medium_net_rate,large_net_rate,super_net_rate,close,pct_change,source,raw_update_time,fetched_at",True,
600160,120,2026-01-05,2026-07-06,"symbol,trade_date,main_net,small_net,medium_net,mid_net,large_net,super_net,main_net_rate,small_net_rate,medium_net_rate,large_net_rate,super_net_rate,close,pct_change,source,raw_update_time,fetched_at",True,
600176,120,2026-01-05,2026-07-06,"symbol,trade_date,main_net,small_net,medium_net,mid_net,large_net,super_net,main_net_rate,small_net_rate,medium_net_rate,large_net_rate,super_net_rate,close,pct_change,source,raw_update_time,fetched_at",True,
600183,120,2026-01-05,2026-07-06,"symbol,trade_date,main_net,small_net,medium_net,mid_net,large_net,super_net,main_net_rate,small_net_rate,medium_net_rate,large_net_rate,super_net_rate,close,pct_change,source,raw_update_time,fetched_at",True,
600188,120,2026-01-05,2026-07-06,"symbol,trade_date,main_net,small_net,medium_net,mid_net,large_net,super_net,main_net_rate,small_net_rate,medium_net_rate,large_net_rate,super_net_rate,close,pct_change,source,raw_update_time,fetched_at",True,
600196,120,2026-01-05,2026-07-06,"symbol,trade_date,main_net,small_net,medium_net,mid_net,large_net,super_net,main_net_rate,small_net_rate,medium_net_rate,large_net_rate,super_net_rate,close,pct_change,source,raw_update_time,fetched_at",True,
600219,120,2026-01-05,2026-07-06,"symbol,trade_date,main_net,small_net,medium_net,mid_net,large_net,super_net,main_net_rate,small_net_rate,medium_net_rate,large_net_rate,super_net_rate,close,pct_change,source,raw_update_time,fetched_at",True,
600221,120,2026-01-05,2026-07-06,"symbol,trade_date,main_net,small_net,medium_net,mid_net,large_net,super_net,main_net_rate,small_net_rate,medium_net_rate,large_net_rate,super_net_rate,close,pct_change,source,raw_update_time,fetched_at",True,
600233,120,2026-01-05,2026-07-06,"symbol,trade_date,main_net,small_net,medium_net,mid_net,large_net,super_net,main_net_rate,small_net_rate,medium_net_rate,large_net_rate,super_net_rate,close,pct_change,source,raw_update_time,fetched_at",True,
600276,120,2026-01-05,2026-07-06,"symbol,trade_date,main_net,small_net,medium_net,mid_net,large_net,super_net,main_net_rate,small_net_rate,medium_net_rate,large_net_rate,super_net_rate,close,pct_change,source,raw_update_time,fetched_at",True,
600309,120,2026-01-05,2026-07-06,"symbol,trade_date,main_net,small_net,medium_net,mid_net,large_net,super_net,main_net_rate,small_net_rate,medium_net_rate,large_net_rate,super_net_rate,close,pct_change,source,raw_update_time,fetched_at",True,
600346,120,2026-01-05,2026-07-06,"symbol,trade_date,main_net,small_net,medium_net,mid_net,large_net,super_net,main_net_rate,small_net_rate,medium_net_rate,large_net_rate,super_net_rate,close,pct_change,source,raw_update_time,fetched_at",True,
600362,120,2026-01-05,2026-07-06,"symbol,trade_date,main_net,small_net,medium_net,mid_net,large_net,super_net,main_net_rate,small_net_rate,medium_net_rate,large_net_rate,super_net_rate,close,pct_change,source,raw_update_time,fetched_at",True,
600372,120,2026-01-05,2026-07-06,"symbol,trade_date,main_net,small_net,medium_net,mid_net,large_net,super_net,main_net_rate,small_net_rate,medium_net_rate,large_net_rate,super_net_rate,close,pct_change,source,raw_update_time,fetched_at",True,
600406,120,2026-01-05,2026-07-06,"symbol,trade_date,main_net,small_net,medium_net,mid_net,large_net,super_net,main_net_rate,small_net_rate,medium_net_rate,large_net_rate,super_net_rate,close,pct_change,source,raw_update_time,fetched_at",True,
600415,120,2026-01-05,2026-07-06,"symbol,trade_date,main_net,small_net,medium_net,mid_net,large_net,super_net,main_net_rate,small_net_rate,medium_net_rate,large_net_rate,super_net_rate,close,pct_change,source,raw_update_time,fetched_at",True,
600426,120,2026-01-05,2026-07-06,"symbol,trade_date,main_net,small_net,medium_net,mid_net,large_net,super_net,main_net_rate,small_net_rate,medium_net_rate,large_net_rate,super_net_rate,close,pct_change,source,raw_update_time,fetched_at",True,
600436,120,2026-01-05,2026-07-06,"symbol,trade_date,main_net,small_net,medium_net,mid_net,large_net,super_net,main_net_rate,small_net_rate,medium_net_rate,large_net_rate,super_net_rate,close,pct_change,source,raw_update_time,fetched_at",True,
600438,120,2025-12-18,2026-07-06,"symbol,trade_date,main_net,small_net,medium_net,mid_net,large_net,super_net,main_net_rate,small_net_rate,medium_net_rate,large_net_rate,super_net_rate,close,pct_change,source,raw_update_time,fetched_at",True,
600460,120,2026-01-05,2026-07-06,"symbol,trade_date,main_net,small_net,medium_net,mid_net,large_net,super_net,main_net_rate,small_net_rate,medium_net_rate,large_net_rate,super_net_rate,close,pct_change,source,raw_update_time,fetched_at",True,
600482,120,2026-01-05,2026-07-06,"symbol,trade_date,main_net,small_net,medium_net,mid_net,large_net,super_net,main_net_rate,small_net_rate,medium_net_rate,large_net_rate,super_net_rate,close,pct_change,source,raw_update_time,fetched_at",True,
600489,120,2026-01-05,2026-07-06,"symbol,trade_date,main_net,small_net,medium_net,mid_net,large_net,super_net,main_net_rate,small_net_rate,medium_net_rate,large_net_rate,super_net_rate,close,pct_change,source,raw_update_time,fetched_at",True,
600515,120,2026-01-05,2026-07-06,"symbol,trade_date,main_net,small_net,medium_net,mid_net,large_net,super_net,main_net_rate,small_net_rate,medium_net_rate,large_net_rate,super_net_rate,close,pct_change,source,raw_update_time,fetched_at",True,
600519,120,2026-01-05,2026-07-06,"symbol,trade_date,main_net,small_net,medium_net,mid_net,large_net,super_net,main_net_rate,small_net_rate,medium_net_rate,large_net_rate,super_net_rate,close,pct_change,source,raw_update_time,fetched_at",True,
600522,120,2026-01-05,2026-07-06,"symbol,trade_date,main_net,small_net,medium_net,mid_net,large_net,super_net,main_net_rate,small_net_rate,medium_net_rate,large_net_rate,super_net_rate,close,pct_change,source,raw_update_time,fetched_at",True,
600547,120,2026-01-05,2026-07-06,"symbol,trade_date,main_net,small_net,medium_net,mid_net,large_net,super_net,main_net_rate,small_net_rate,medium_net_rate,large_net_rate,super_net_rate,close,pct_change,source,raw_update_time,fetched_at",True,
600549,120,2026-01-05,2026-07-06,"symbol,trade_date,main_net,small_net,medium_net,mid_net,large_net,super_net,main_net_rate,small_net_rate,medium_net_rate,large_net_rate,super_net_rate,close,pct_change,source,raw_update_time,fetched_at",True,
600570,120,2026-01-05,2026-07-06,"symbol,trade_date,main_net,small_net,medium_net,mid_net,large_net,super_net,main_net_rate,small_net_rate,medium_net_rate,large_net_rate,super_net_rate,close,pct_change,source,raw_update_time,fetched_at",True,
600584,120,2026-01-05,2026-07-06,"symbol,trade_date,main_net,small_net,medium_net,mid_net,large_net,super_net,main_net_rate,small_net_rate,medium_net_rate,large_net_rate,super_net_rate,close,pct_change,source,raw_update_time,fetched_at",True,
600585,120,2026-01-05,2026-07-06,"symbol,trade_date,main_net,small_net,medium_net,mid_net,large_net,super_net,main_net_rate,small_net_rate,medium_net_rate,large_net_rate,super_net_rate,close,pct_change,source,raw_update_time,fetched_at",True,
600588,120,2026-01-05,2026-07-06,"symbol,trade_date,main_net,small_net,medium_net,mid_net,large_net,super_net,main_net_rate,small_net_rate,medium_net_rate,large_net_rate,super_net_rate,close,pct_change,source,raw_update_time,fetched_at",True,
600600,120,2026-01-05,2026-07-06,"symbol,trade_date,main_net,small_net,medium_net,mid_net,large_net,super_net,main_net_rate,small_net_rate,medium_net_rate,large_net_rate,super_net_rate,close,pct_change,source,raw_update_time,fetched_at",True,
600660,120,2026-01-05,2026-07-06,"symbol,trade_date,main_net,small_net,medium_net,mid_net,large_net,super_net,main_net_rate,small_net_rate,medium_net_rate,large_net_rate,super_net_rate,close,pct_change,source,raw_update_time,fetched_at",True,
600674,120,2026-01-05,2026-07-06,"symbol,trade_date,main_net,small_net,medium_net,mid_net,large_net,super_net,main_net_rate,small_net_rate,medium_net_rate,large_net_rate,super_net_rate,close,pct_change,source,raw_update_time,fetched_at",True,
600690,120,2026-01-05,2026-07-06,"symbol,trade_date,main_net,small_net,medium_net,mid_net,large_net,super_net,main_net_rate,small_net_rate,medium_net_rate,large_net_rate,super_net_rate,close,pct_change,source,raw_update_time,fetched_at",True,
600741,120,2026-01-05,2026-07-06,"symbol,trade_date,main_net,small_net,medium_net,mid_net,large_net,super_net,main_net_rate,small_net_rate,medium_net_rate,large_net_rate,super_net_rate,close,pct_change,source,raw_update_time,fetched_at",True,
600760,120,2026-01-05,2026-07-06,"symbol,trade_date,main_net,small_net,medium_net,mid_net,large_net,super_net,main_net_rate,small_net_rate,medium_net_rate,large_net_rate,super_net_rate,close,pct_change,source,raw_update_time,fetched_at",True,
600795,120,2026-01-05,2026-07-06,"symbol,trade_date,main_net,small_net,medium_net,mid_net,large_net,super_net,main_net_rate,small_net_rate,medium_net_rate,large_net_rate,super_net_rate,close,pct_change,source,raw_update_time,fetched_at",True,
600803,120,2026-01-05,2026-07-06,"symbol,trade_date,main_net,small_net,medium_net,mid_net,large_net,super_net,main_net_rate,small_net_rate,medium_net_rate,large_net_rate,super_net_rate,close,pct_change,source,raw_update_time,fetched_at",True,
600809,120,2026-01-05,2026-07-06,"symbol,trade_date,main_net,small_net,medium_net,mid_net,large_net,super_net,main_net_rate,small_net_rate,medium_net_rate,large_net_rate,super_net_rate,close,pct_change,source,raw_update_time,fetched_at",True,
600845,120,2026-01-05,2026-07-06,"symbol,trade_date,main_net,small_net,medium_net,mid_net,large_net,super_net,main_net_rate,small_net_rate,medium_net_rate,large_net_rate,super_net_rate,close,pct_change,source,raw_update_time,fetched_at",True,
600875,120,2026-01-05,2026-07-06,"symbol,trade_date,main_net,small_net,medium_net,mid_net,large_net,super_net,main_net_rate,small_net_rate,medium_net_rate,large_net_rate,super_net_rate,close,pct_change,source,raw_update_time,fetched_at",True,
600886,120,2026-01-05,2026-07-06,"symbol,trade_date,main_net,small_net,medium_net,mid_net,large_net,super_net,main_net_rate,small_net_rate,medium_net_rate,large_net_rate,super_net_rate,close,pct_change,source,raw_update_time,fetched_at",True,
600887,120,2026-01-05,2026-07-06,"symbol,trade_date,main_net,small_net,medium_net,mid_net,large_net,super_net,main_net_rate,small_net_rate,medium_net_rate,large_net_rate,super_net_rate,close,pct_change,source,raw_update_time,fetched_at",True,
600893,120,2026-01-05,2026-07-06,"symbol,trade_date,main_net,small_net,medium_net,mid_net,large_net,super_net,main_net_rate,small_net_rate,medium_net_rate,large_net_rate,super_net_rate,close,pct_change,source,raw_update_time,fetched_at",True,
600900,120,2026-01-05,2026-07-06,"symbol,trade_date,main_net,small_net,medium_net,mid_net,large_net,super_net,main_net_rate,small_net_rate,medium_net_rate,large_net_rate,super_net_rate,close,pct_change,source,raw_update_time,fetched_at",True,
600905,120,2026-01-05,2026-07-06,"symbol,trade_date,main_net,small_net,medium_net,mid_net,large_net,super_net,main_net_rate,small_net_rate,medium_net_rate,large_net_rate,super_net_rate,close,pct_change,source,raw_update_time,fetched_at",True,
600918,120,2026-01-05,2026-07-06,"symbol,trade_date,main_net,small_net,medium_net,mid_net,large_net,super_net,main_net_rate,small_net_rate,medium_net_rate,large_net_rate,super_net_rate,close,pct_change,source,raw_update_time,fetched_at",True,
600919,120,2026-01-05,2026-07-06,"symbol,trade_date,main_net,small_net,medium_net,mid_net,large_net,super_net,main_net_rate,small_net_rate,medium_net_rate,large_net_rate,super_net_rate,close,pct_change,source,raw_update_time,fetched_at",True,
600926,120,2026-01-05,2026-07-06,"symbol,trade_date,main_net,small_net,medium_net,mid_net,large_net,super_net,main_net_rate,small_net_rate,medium_net_rate,large_net_rate,super_net_rate,close,pct_change,source,raw_update_time,fetched_at",True,
600930,120,2026-01-05,2026-07-06,"symbol,trade_date,main_net,small_net,medium_net,mid_net,large_net,super_net,main_net_rate,small_net_rate,medium_net_rate,large_net_rate,super_net_rate,close,pct_change,source,raw_update_time,fetched_at",True,
600938,120,2026-01-05,2026-07-06,"symbol,trade_date,main_net,small_net,medium_net,mid_net,large_net,super_net,main_net_rate,small_net_rate,medium_net_rate,large_net_rate,super_net_rate,close,pct_change,source,raw_update_time,fetched_at",True,
600941,120,2026-01-05,2026-07-06,"symbol,trade_date,main_net,small_net,medium_net,mid_net,large_net,super_net,main_net_rate,small_net_rate,medium_net_rate,large_net_rate,super_net_rate,close,pct_change,source,raw_update_time,fetched_at",True,
600958,120,2025-12-18,2026-07-06,"symbol,trade_date,main_net,small_net,medium_net,mid_net,large_net,super_net,main_net_rate,small_net_rate,medium_net_rate,large_net_rate,super_net_rate,close,pct_change,source,raw_update_time,fetched_at",True,
600989,120,2026-01-05,2026-07-06,"symbol,trade_date,main_net,small_net,medium_net,mid_net,large_net,super_net,main_net_rate,small_net_rate,medium_net_rate,large_net_rate,super_net_rate,close,pct_change,source,raw_update_time,fetched_at",True,
600999,120,2026-01-05,2026-07-06,"symbol,trade_date,main_net,small_net,medium_net,mid_net,large_net,super_net,main_net_rate,small_net_rate,medium_net_rate,large_net_rate,super_net_rate,close,pct_change,source,raw_update_time,fetched_at",True,
601006,120,2026-01-05,2026-07-06,"symbol,trade_date,main_net,small_net,medium_net,mid_net,large_net,super_net,main_net_rate,small_net_rate,medium_net_rate,large_net_rate,super_net_rate,close,pct_change,source,raw_update_time,fetched_at",True,
601009,120,2026-01-05,2026-07-06,"symbol,trade_date,main_net,small_net,medium_net,mid_net,large_net,super_net,main_net_rate,small_net_rate,medium_net_rate,large_net_rate,super_net_rate,close,pct_change,source,raw_update_time,fetched_at",True,
601012,120,2026-01-05,2026-07-06,"symbol,trade_date,main_net,small_net,medium_net,mid_net,large_net,super_net,main_net_rate,small_net_rate,medium_net_rate,large_net_rate,super_net_rate,close,pct_change,source,raw_update_time,fetched_at",True,
601018,120,2026-01-05,2026-07-06,"symbol,trade_date,main_net,small_net,medium_net,mid_net,large_net,super_net,main_net_rate,small_net_rate,medium_net_rate,large_net_rate,super_net_rate,close,pct_change,source,raw_update_time,fetched_at",True,
601021,120,2026-01-05,2026-07-06,"symbol,trade_date,main_net,small_net,medium_net,mid_net,large_net,super_net,main_net_rate,small_net_rate,medium_net_rate,large_net_rate,super_net_rate,close,pct_change,source,raw_update_time,fetched_at",True,
601058,120,2026-01-05,2026-07-06,"symbol,trade_date,main_net,small_net,medium_net,mid_net,large_net,super_net,main_net_rate,small_net_rate,medium_net_rate,large_net_rate,super_net_rate,close,pct_change,source,raw_update_time,fetched_at",True,
601059,120,2026-01-05,2026-07-06,"symbol,trade_date,main_net,small_net,medium_net,mid_net,large_net,super_net,main_net_rate,small_net_rate,medium_net_rate,large_net_rate,super_net_rate,close,pct_change,source,raw_update_time,fetched_at",True,
601066,120,2026-01-05,2026-07-06,"symbol,trade_date,main_net,small_net,medium_net,mid_net,large_net,super_net,main_net_rate,small_net_rate,medium_net_rate,large_net_rate,super_net_rate,close,pct_change,source,raw_update_time,fetched_at",True,
601077,120,2026-01-05,2026-07-06,"symbol,trade_date,main_net,small_net,medium_net,mid_net,large_net,super_net,main_net_rate,small_net_rate,medium_net_rate,large_net_rate,super_net_rate,close,pct_change,source,raw_update_time,fetched_at",True,
601088,120,2026-01-05,2026-07-06,"symbol,trade_date,main_net,small_net,medium_net,mid_net,large_net,super_net,main_net_rate,small_net_rate,medium_net_rate,large_net_rate,super_net_rate,close,pct_change,source,raw_update_time,fetched_at",True,
601100,120,2026-01-05,2026-07-06,"symbol,trade_date,main_net,small_net,medium_net,mid_net,large_net,super_net,main_net_rate,small_net_rate,medium_net_rate,large_net_rate,super_net_rate,close,pct_change,source,raw_update_time,fetched_at",True,
601111,120,2026-01-05,2026-07-06,"symbol,trade_date,main_net,small_net,medium_net,mid_net,large_net,super_net,main_net_rate,small_net_rate,medium_net_rate,large_net_rate,super_net_rate,close,pct_change,source,raw_update_time,fetched_at",True,
601117,120,2026-01-05,2026-07-06,"symbol,trade_date,main_net,small_net,medium_net,mid_net,large_net,super_net,main_net_rate,small_net_rate,medium_net_rate,large_net_rate,super_net_rate,close,pct_change,source,raw_update_time,fetched_at",True,
601127,120,2026-01-05,2026-07-06,"symbol,trade_date,main_net,small_net,medium_net,mid_net,large_net,super_net,main_net_rate,small_net_rate,medium_net_rate,large_net_rate,super_net_rate,close,pct_change,source,raw_update_time,fetched_at",True,
601136,120,2026-01-05,2026-07-06,"symbol,trade_date,main_net,small_net,medium_net,mid_net,large_net,super_net,main_net_rate,small_net_rate,medium_net_rate,large_net_rate,super_net_rate,close,pct_change,source,raw_update_time,fetched_at",True,
601138,120,2026-01-05,2026-07-06,"symbol,trade_date,main_net,small_net,medium_net,mid_net,large_net,super_net,main_net_rate,small_net_rate,medium_net_rate,large_net_rate,super_net_rate,close,pct_change,source,raw_update_time,fetched_at",True,
601166,120,2026-01-05,2026-07-06,"symbol,trade_date,main_net,small_net,medium_net,mid_net,large_net,super_net,main_net_rate,small_net_rate,medium_net_rate,large_net_rate,super_net_rate,close,pct_change,source,raw_update_time,fetched_at",True,
601169,120,2026-01-05,2026-07-06,"symbol,trade_date,main_net,small_net,medium_net,mid_net,large_net,super_net,main_net_rate,small_net_rate,medium_net_rate,large_net_rate,super_net_rate,close,pct_change,source,raw_update_time,fetched_at",True,
601186,120,2026-01-05,2026-07-06,"symbol,trade_date,main_net,small_net,medium_net,mid_net,large_net,super_net,main_net_rate,small_net_rate,medium_net_rate,large_net_rate,super_net_rate,close,pct_change,source,raw_update_time,fetched_at",True,
601211,120,2026-01-05,2026-07-06,"symbol,trade_date,main_net,small_net,medium_net,mid_net,large_net,super_net,main_net_rate,small_net_rate,medium_net_rate,large_net_rate,super_net_rate,close,pct_change,source,raw_update_time,fetched_at",True,
601225,120,2026-01-05,2026-07-06,"symbol,trade_date,main_net,small_net,medium_net,mid_net,large_net,super_net,main_net_rate,small_net_rate,medium_net_rate,large_net_rate,super_net_rate,close,pct_change,source,raw_update_time,fetched_at",True,
601229,120,2026-01-05,2026-07-06,"symbol,trade_date,main_net,small_net,medium_net,mid_net,large_net,super_net,main_net_rate,small_net_rate,medium_net_rate,large_net_rate,super_net_rate,close,pct_change,source,raw_update_time,fetched_at",True,
601238,120,2026-01-05,2026-07-06,"symbol,trade_date,main_net,small_net,medium_net,mid_net,large_net,super_net,main_net_rate,small_net_rate,medium_net_rate,large_net_rate,super_net_rate,close,pct_change,source,raw_update_time,fetched_at",True,
601288,120,2026-01-05,2026-07-06,"symbol,trade_date,main_net,small_net,medium_net,mid_net,large_net,super_net,main_net_rate,small_net_rate,medium_net_rate,large_net_rate,super_net_rate,close,pct_change,source,raw_update_time,fetched_at",True,
601318,120,2026-01-05,2026-07-06,"symbol,trade_date,main_net,small_net,medium_net,mid_net,large_net,super_net,main_net_rate,small_net_rate,medium_net_rate,large_net_rate,super_net_rate,close,pct_change,source,raw_update_time,fetched_at",True,
601319,120,2026-01-05,2026-07-06,"symbol,trade_date,main_net,small_net,medium_net,mid_net,large_net,super_net,main_net_rate,small_net_rate,medium_net_rate,large_net_rate,super_net_rate,close,pct_change,source,raw_update_time,fetched_at",True,
601328,120,2026-01-05,2026-07-06,"symbol,trade_date,main_net,small_net,medium_net,mid_net,large_net,super_net,main_net_rate,small_net_rate,medium_net_rate,large_net_rate,super_net_rate,close,pct_change,source,raw_update_time,fetched_at",True,
601336,120,2026-01-05,2026-07-06,"symbol,trade_date,main_net,small_net,medium_net,mid_net,large_net,super_net,main_net_rate,small_net_rate,medium_net_rate,large_net_rate,super_net_rate,close,pct_change,source,raw_update_time,fetched_at",True,
601360,120,2026-01-05,2026-07-06,"symbol,trade_date,main_net,small_net,medium_net,mid_net,large_net,super_net,main_net_rate,small_net_rate,medium_net_rate,large_net_rate,super_net_rate,close,pct_change,source,raw_update_time,fetched_at",True,
601377,120,2026-01-05,2026-07-06,"symbol,trade_date,main_net,small_net,medium_net,mid_net,large_net,super_net,main_net_rate,small_net_rate,medium_net_rate,large_net_rate,super_net_rate,close,pct_change,source,raw_update_time,fetched_at",True,
601390,120,2026-01-05,2026-07-06,"symbol,trade_date,main_net,small_net,medium_net,mid_net,large_net,super_net,main_net_rate,small_net_rate,medium_net_rate,large_net_rate,super_net_rate,close,pct_change,source,raw_update_time,fetched_at",True,
601398,120,2026-01-05,2026-07-06,"symbol,trade_date,main_net,small_net,medium_net,mid_net,large_net,super_net,main_net_rate,small_net_rate,medium_net_rate,large_net_rate,super_net_rate,close,pct_change,source,raw_update_time,fetched_at",True,
601456,120,2026-01-05,2026-07-06,"symbol,trade_date,main_net,small_net,medium_net,mid_net,large_net,super_net,main_net_rate,small_net_rate,medium_net_rate,large_net_rate,super_net_rate,close,pct_change,source,raw_update_time,fetched_at",True,
601600,120,2026-01-05,2026-07-06,"symbol,trade_date,main_net,small_net,medium_net,mid_net,large_net,super_net,main_net_rate,small_net_rate,medium_net_rate,large_net_rate,super_net_rate,close,pct_change,source,raw_update_time,fetched_at",True,
601601,120,2026-01-05,2026-07-06,"symbol,trade_date,main_net,small_net,medium_net,mid_net,large_net,super_net,main_net_rate,small_net_rate,medium_net_rate,large_net_rate,super_net_rate,close,pct_change,source,raw_update_time,fetched_at",True,
601607,120,2026-01-05,2026-07-06,"symbol,trade_date,main_net,small_net,medium_net,mid_net,large_net,super_net,main_net_rate,small_net_rate,medium_net_rate,large_net_rate,super_net_rate,close,pct_change,source,raw_update_time,fetched_at",True,
601618,120,2026-01-05,2026-07-06,"symbol,trade_date,main_net,small_net,medium_net,mid_net,large_net,super_net,main_net_rate,small_net_rate,medium_net_rate,large_net_rate,super_net_rate,close,pct_change,source,raw_update_time,fetched_at",True,
601628,120,2026-01-05,2026-07-06,"symbol,trade_date,main_net,small_net,medium_net,mid_net,large_net,super_net,main_net_rate,small_net_rate,medium_net_rate,large_net_rate,super_net_rate,close,pct_change,source,raw_update_time,fetched_at",True,
601633,120,2026-01-05,2026-07-06,"symbol,trade_date,main_net,small_net,medium_net,mid_net,large_net,super_net,main_net_rate,small_net_rate,medium_net_rate,large_net_rate,super_net_rate,close,pct_change,source,raw_update_time,fetched_at",True,
601658,120,2026-01-05,2026-07-06,"symbol,trade_date,main_net,small_net,medium_net,mid_net,large_net,super_net,main_net_rate,small_net_rate,medium_net_rate,large_net_rate,super_net_rate,close,pct_change,source,raw_update_time,fetched_at",True,
601668,120,2026-01-05,2026-07-06,"symbol,trade_date,main_net,small_net,medium_net,mid_net,large_net,super_net,main_net_rate,small_net_rate,medium_net_rate,large_net_rate,super_net_rate,close,pct_change,source,raw_update_time,fetched_at",True,
601669,120,2026-01-05,2026-07-06,"symbol,trade_date,main_net,small_net,medium_net,mid_net,large_net,super_net,main_net_rate,small_net_rate,medium_net_rate,large_net_rate,super_net_rate,close,pct_change,source,raw_update_time,fetched_at",True,
601688,120,2026-01-05,2026-07-06,"symbol,trade_date,main_net,small_net,medium_net,mid_net,large_net,super_net,main_net_rate,small_net_rate,medium_net_rate,large_net_rate,super_net_rate,close,pct_change,source,raw_update_time,fetched_at",True,
601689,120,2026-01-05,2026-07-06,"symbol,trade_date,main_net,small_net,medium_net,mid_net,large_net,super_net,main_net_rate,small_net_rate,medium_net_rate,large_net_rate,super_net_rate,close,pct_change,source,raw_update_time,fetched_at",True,
601698,120,2026-01-05,2026-07-06,"symbol,trade_date,main_net,small_net,medium_net,mid_net,large_net,super_net,main_net_rate,small_net_rate,medium_net_rate,large_net_rate,super_net_rate,close,pct_change,source,raw_update_time,fetched_at",True,
601727,120,2026-01-05,2026-07-06,"symbol,trade_date,main_net,small_net,medium_net,mid_net,large_net,super_net,main_net_rate,small_net_rate,medium_net_rate,large_net_rate,super_net_rate,close,pct_change,source,raw_update_time,fetched_at",True,
601728,120,2026-01-05,2026-07-06,"symbol,trade_date,main_net,small_net,medium_net,mid_net,large_net,super_net,main_net_rate,small_net_rate,medium_net_rate,large_net_rate,super_net_rate,close,pct_change,source,raw_update_time,fetched_at",True,
601766,120,2026-01-05,2026-07-06,"symbol,trade_date,main_net,small_net,medium_net,mid_net,large_net,super_net,main_net_rate,small_net_rate,medium_net_rate,large_net_rate,super_net_rate,close,pct_change,source,raw_update_time,fetched_at",True,
601788,120,2026-01-05,2026-07-06,"symbol,trade_date,main_net,small_net,medium_net,mid_net,large_net,super_net,main_net_rate,small_net_rate,medium_net_rate,large_net_rate,super_net_rate,close,pct_change,source,raw_update_time,fetched_at",True,
601800,120,2026-01-05,2026-07-06,"symbol,trade_date,main_net,small_net,medium_net,mid_net,large_net,super_net,main_net_rate,small_net_rate,medium_net_rate,large_net_rate,super_net_rate,close,pct_change,source,raw_update_time,fetched_at",True,
601816,120,2026-01-05,2026-07-06,"symbol,trade_date,main_net,small_net,medium_net,mid_net,large_net,super_net,main_net_rate,small_net_rate,medium_net_rate,large_net_rate,super_net_rate,close,pct_change,source,raw_update_time,fetched_at",True,
601818,120,2026-01-05,2026-07-06,"symbol,trade_date,main_net,small_net,medium_net,mid_net,large_net,super_net,main_net_rate,small_net_rate,medium_net_rate,large_net_rate,super_net_rate,close,pct_change,source,raw_update_time,fetched_at",True,
601825,120,2026-01-05,2026-07-06,"symbol,trade_date,main_net,small_net,medium_net,mid_net,large_net,super_net,main_net_rate,small_net_rate,medium_net_rate,large_net_rate,super_net_rate,close,pct_change,source,raw_update_time,fetched_at",True,
601838,120,2026-01-05,2026-07-06,"symbol,trade_date,main_net,small_net,medium_net,mid_net,large_net,super_net,main_net_rate,small_net_rate,medium_net_rate,large_net_rate,super_net_rate,close,pct_change,source,raw_update_time,fetched_at",True,
601857,120,2026-01-05,2026-07-06,"symbol,trade_date,main_net,small_net,medium_net,mid_net,large_net,super_net,main_net_rate,small_net_rate,medium_net_rate,large_net_rate,super_net_rate,close,pct_change,source,raw_update_time,fetched_at",True,
601868,120,2026-01-05,2026-07-06,"symbol,trade_date,main_net,small_net,medium_net,mid_net,large_net,super_net,main_net_rate,small_net_rate,medium_net_rate,large_net_rate,super_net_rate,close,pct_change,source,raw_update_time,fetched_at",True,
601872,120,2026-01-05,2026-07-06,"symbol,trade_date,main_net,small_net,medium_net,mid_net,large_net,super_net,main_net_rate,small_net_rate,medium_net_rate,large_net_rate,super_net_rate,close,pct_change,source,raw_update_time,fetched_at",True,
601877,120,2026-01-05,2026-07-06,"symbol,trade_date,main_net,small_net,medium_net,mid_net,large_net,super_net,main_net_rate,small_net_rate,medium_net_rate,large_net_rate,super_net_rate,close,pct_change,source,raw_update_time,fetched_at",True,
601878,120,2026-01-05,2026-07-06,"symbol,trade_date,main_net,small_net,medium_net,mid_net,large_net,super_net,main_net_rate,small_net_rate,medium_net_rate,large_net_rate,super_net_rate,close,pct_change,source,raw_update_time,fetched_at",True,
601881,120,2026-01-05,2026-07-06,"symbol,trade_date,main_net,small_net,medium_net,mid_net,large_net,super_net,main_net_rate,small_net_rate,medium_net_rate,large_net_rate,super_net_rate,close,pct_change,source,raw_update_time,fetched_at",True,
601888,120,2026-01-05,2026-07-06,"symbol,trade_date,main_net,small_net,medium_net,mid_net,large_net,super_net,main_net_rate,small_net_rate,medium_net_rate,large_net_rate,super_net_rate,close,pct_change,source,raw_update_time,fetched_at",True,
601898,120,2026-01-05,2026-07-06,"symbol,trade_date,main_net,small_net,medium_net,mid_net,large_net,super_net,main_net_rate,small_net_rate,medium_net_rate,large_net_rate,super_net_rate,close,pct_change,source,raw_update_time,fetched_at",True,
601899,120,2026-01-05,2026-07-06,"symbol,trade_date,main_net,small_net,medium_net,mid_net,large_net,super_net,main_net_rate,small_net_rate,medium_net_rate,large_net_rate,super_net_rate,close,pct_change,source,raw_update_time,fetched_at",True,
601901,120,2026-01-05,2026-07-06,"symbol,trade_date,main_net,small_net,medium_net,mid_net,large_net,super_net,main_net_rate,small_net_rate,medium_net_rate,large_net_rate,super_net_rate,close,pct_change,source,raw_update_time,fetched_at",True,
601916,120,2026-01-05,2026-07-06,"symbol,trade_date,main_net,small_net,medium_net,mid_net,large_net,super_net,main_net_rate,small_net_rate,medium_net_rate,large_net_rate,super_net_rate,close,pct_change,source,raw_update_time,fetched_at",True,
601919,120,2026-01-05,2026-07-06,"symbol,trade_date,main_net,small_net,medium_net,mid_net,large_net,super_net,main_net_rate,small_net_rate,medium_net_rate,large_net_rate,super_net_rate,close,pct_change,source,raw_update_time,fetched_at",True,
601939,120,2026-01-05,2026-07-06,"symbol,trade_date,main_net,small_net,medium_net,mid_net,large_net,super_net,main_net_rate,small_net_rate,medium_net_rate,large_net_rate,super_net_rate,close,pct_change,source,raw_update_time,fetched_at",True,
601985,120,2026-01-05,2026-07-06,"symbol,trade_date,main_net,small_net,medium_net,mid_net,large_net,super_net,main_net_rate,small_net_rate,medium_net_rate,large_net_rate,super_net_rate,close,pct_change,source,raw_update_time,fetched_at",True,
601988,120,2026-01-05,2026-07-06,"symbol,trade_date,main_net,small_net,medium_net,mid_net,large_net,super_net,main_net_rate,small_net_rate,medium_net_rate,large_net_rate,super_net_rate,close,pct_change,source,raw_update_time,fetched_at",True,
601995,120,2026-01-05,2026-07-06,"symbol,trade_date,main_net,small_net,medium_net,mid_net,large_net,super_net,main_net_rate,small_net_rate,medium_net_rate,large_net_rate,super_net_rate,close,pct_change,source,raw_update_time,fetched_at",True,
601998,120,2026-01-05,2026-07-06,"symbol,trade_date,main_net,small_net,medium_net,mid_net,large_net,super_net,main_net_rate,small_net_rate,medium_net_rate,large_net_rate,super_net_rate,close,pct_change,source,raw_update_time,fetched_at",True,
603019,120,2026-01-05,2026-07-06,"symbol,trade_date,main_net,small_net,medium_net,mid_net,large_net,super_net,main_net_rate,small_net_rate,medium_net_rate,large_net_rate,super_net_rate,close,pct_change,source,raw_update_time,fetched_at",True,
603259,120,2026-01-05,2026-07-06,"symbol,trade_date,main_net,small_net,medium_net,mid_net,large_net,super_net,main_net_rate,small_net_rate,medium_net_rate,large_net_rate,super_net_rate,close,pct_change,source,raw_update_time,fetched_at",True,
603260,120,2026-01-05,2026-07-06,"symbol,trade_date,main_net,small_net,medium_net,mid_net,large_net,super_net,main_net_rate,small_net_rate,medium_net_rate,large_net_rate,super_net_rate,close,pct_change,source,raw_update_time,fetched_at",True,
603288,120,2026-01-05,2026-07-06,"symbol,trade_date,main_net,small_net,medium_net,mid_net,large_net,super_net,main_net_rate,small_net_rate,medium_net_rate,large_net_rate,super_net_rate,close,pct_change,source,raw_update_time,fetched_at",True,
603296,120,2026-01-05,2026-07-06,"symbol,trade_date,main_net,small_net,medium_net,mid_net,large_net,super_net,main_net_rate,small_net_rate,medium_net_rate,large_net_rate,super_net_rate,close,pct_change,source,raw_update_time,fetched_at",True,
603369,120,2026-01-05,2026-07-06,"symbol,trade_date,main_net,small_net,medium_net,mid_net,large_net,super_net,main_net_rate,small_net_rate,medium_net_rate,large_net_rate,super_net_rate,close,pct_change,source,raw_update_time,fetched_at",True,
603392,120,2026-01-05,2026-07-06,"symbol,trade_date,main_net,small_net,medium_net,mid_net,large_net,super_net,main_net_rate,small_net_rate,medium_net_rate,large_net_rate,super_net_rate,close,pct_change,source,raw_update_time,fetched_at",True,
603501,120,2026-01-05,2026-07-06,"symbol,trade_date,main_net,small_net,medium_net,mid_net,large_net,super_net,main_net_rate,small_net_rate,medium_net_rate,large_net_rate,super_net_rate,close,pct_change,source,raw_update_time,fetched_at",True,
603799,120,2026-01-05,2026-07-06,"symbol,trade_date,main_net,small_net,medium_net,mid_net,large_net,super_net,main_net_rate,small_net_rate,medium_net_rate,large_net_rate,super_net_rate,close,pct_change,source,raw_update_time,fetched_at",True,
603893,120,2026-01-05,2026-07-06,"symbol,trade_date,main_net,small_net,medium_net,mid_net,large_net,super_net,main_net_rate,small_net_rate,medium_net_rate,large_net_rate,super_net_rate,close,pct_change,source,raw_update_time,fetched_at",True,
603986,120,2026-01-05,2026-07-06,"symbol,trade_date,main_net,small_net,medium_net,mid_net,large_net,super_net,main_net_rate,small_net_rate,medium_net_rate,large_net_rate,super_net_rate,close,pct_change,source,raw_update_time,fetched_at",True,
603993,120,2026-01-05,2026-07-06,"symbol,trade_date,main_net,small_net,medium_net,mid_net,large_net,super_net,main_net_rate,small_net_rate,medium_net_rate,large_net_rate,super_net_rate,close,pct_change,source,raw_update_time,fetched_at",True,
605117,120,2026-01-05,2026-07-06,"symbol,trade_date,main_net,small_net,medium_net,mid_net,large_net,super_net,main_net_rate,small_net_rate,medium_net_rate,large_net_rate,super_net_rate,close,pct_change,source,raw_update_time,fetched_at",True,
605499,120,2026-01-05,2026-07-06,"symbol,trade_date,main_net,small_net,medium_net,mid_net,large_net,super_net,main_net_rate,small_net_rate,medium_net_rate,large_net_rate,super_net_rate,close,pct_change,source,raw_update_time,fetched_at",True,
688008,120,2026-01-05,2026-07-06,"symbol,trade_date,main_net,small_net,medium_net,mid_net,large_net,super_net,main_net_rate,small_net_rate,medium_net_rate,large_net_rate,super_net_rate,close,pct_change,source,raw_update_time,fetched_at",True,
688009,120,2026-01-05,2026-07-06,"symbol,trade_date,main_net,small_net,medium_net,mid_net,large_net,super_net,main_net_rate,small_net_rate,medium_net_rate,large_net_rate,super_net_rate,close,pct_change,source,raw_update_time,fetched_at",True,
688012,120,2026-01-05,2026-07-06,"symbol,trade_date,main_net,small_net,medium_net,mid_net,large_net,super_net,main_net_rate,small_net_rate,medium_net_rate,large_net_rate,super_net_rate,close,pct_change,source,raw_update_time,fetched_at",True,
688036,120,2026-01-05,2026-07-06,"symbol,trade_date,main_net,small_net,medium_net,mid_net,large_net,super_net,main_net_rate,small_net_rate,medium_net_rate,large_net_rate,super_net_rate,close,pct_change,source,raw_update_time,fetched_at",True,
688041,120,2026-01-05,2026-07-06,"symbol,trade_date,main_net,small_net,medium_net,mid_net,large_net,super_net,main_net_rate,small_net_rate,medium_net_rate,large_net_rate,super_net_rate,close,pct_change,source,raw_update_time,fetched_at",True,
688047,120,2026-01-05,2026-07-06,"symbol,trade_date,main_net,small_net,medium_net,mid_net,large_net,super_net,main_net_rate,small_net_rate,medium_net_rate,large_net_rate,super_net_rate,close,pct_change,source,raw_update_time,fetched_at",True,
688072,120,2025-12-24,2026-06-26,"symbol,trade_date,main_net,small_net,medium_net,mid_net,large_net,super_net,main_net_rate,small_net_rate,medium_net_rate,large_net_rate,super_net_rate,close,pct_change,source,raw_update_time,fetched_at",True,
688082,120,2026-01-05,2026-07-06,"symbol,trade_date,main_net,small_net,medium_net,mid_net,large_net,super_net,main_net_rate,small_net_rate,medium_net_rate,large_net_rate,super_net_rate,close,pct_change,source,raw_update_time,fetched_at",True,
688111,120,2026-01-05,2026-07-06,"symbol,trade_date,main_net,small_net,medium_net,mid_net,large_net,super_net,main_net_rate,small_net_rate,medium_net_rate,large_net_rate,super_net_rate,close,pct_change,source,raw_update_time,fetched_at",True,
688126,120,2026-01-05,2026-07-06,"symbol,trade_date,main_net,small_net,medium_net,mid_net,large_net,super_net,main_net_rate,small_net_rate,medium_net_rate,large_net_rate,super_net_rate,close,pct_change,source,raw_update_time,fetched_at",True,
688183,120,2026-01-05,2026-07-06,"symbol,trade_date,main_net,small_net,medium_net,mid_net,large_net,super_net,main_net_rate,small_net_rate,medium_net_rate,large_net_rate,super_net_rate,close,pct_change,source,raw_update_time,fetched_at",True,
688223,120,2026-01-05,2026-07-06,"symbol,trade_date,main_net,small_net,medium_net,mid_net,large_net,super_net,main_net_rate,small_net_rate,medium_net_rate,large_net_rate,super_net_rate,close,pct_change,source,raw_update_time,fetched_at",True,
688256,120,2026-01-05,2026-07-06,"symbol,trade_date,main_net,small_net,medium_net,mid_net,large_net,super_net,main_net_rate,small_net_rate,medium_net_rate,large_net_rate,super_net_rate,close,pct_change,source,raw_update_time,fetched_at",True,
688271,120,2026-01-05,2026-07-06,"symbol,trade_date,main_net,small_net,medium_net,mid_net,large_net,super_net,main_net_rate,small_net_rate,medium_net_rate,large_net_rate,super_net_rate,close,pct_change,source,raw_update_time,fetched_at",True,
688303,120,2026-01-05,2026-07-06,"symbol,trade_date,main_net,small_net,medium_net,mid_net,large_net,super_net,main_net_rate,small_net_rate,medium_net_rate,large_net_rate,super_net_rate,close,pct_change,source,raw_update_time,fetched_at",True,
688396,120,2026-01-05,2026-07-06,"symbol,trade_date,main_net,small_net,medium_net,mid_net,large_net,super_net,main_net_rate,small_net_rate,medium_net_rate,large_net_rate,super_net_rate,close,pct_change,source,raw_update_time,fetched_at",True,
688472,120,2026-01-05,2026-07-06,"symbol,trade_date,main_net,small_net,medium_net,mid_net,large_net,super_net,main_net_rate,small_net_rate,medium_net_rate,large_net_rate,super_net_rate,close,pct_change,source,raw_update_time,fetched_at",True,
688506,120,2026-01-05,2026-07-06,"symbol,trade_date,main_net,small_net,medium_net,mid_net,large_net,super_net,main_net_rate,small_net_rate,medium_net_rate,large_net_rate,super_net_rate,close,pct_change,source,raw_update_time,fetched_at",True,
688521,120,2026-01-05,2026-07-06,"symbol,trade_date,main_net,small_net,medium_net,mid_net,large_net,super_net,main_net_rate,small_net_rate,medium_net_rate,large_net_rate,super_net_rate,close,pct_change,source,raw_update_time,fetched_at",True,
688981,120,2026-01-05,2026-07-06,"symbol,trade_date,main_net,small_net,medium_net,mid_net,large_net,super_net,main_net_rate,small_net_rate,medium_net_rate,large_net_rate,super_net_rate,close,pct_change,source,raw_update_time,fetched_at",True,
