symbol,error_type,error_message,retry_count,reported_at
000001,ReadTimeout,"HTTPSConnectionPool(host='push2his.eastmoney.com', port=443): Read timed out. (read timeout=4)",0,2026-07-06T15:22:49.073620+00:00
000002,SSLError,"HTTPSConnectionPool(host='push2his.eastmoney.com', port=443): Max retries exceeded with url: /api/qt/stock/fflow/daykline/get?secid=0.000002&fields1=f1%2Cf2%2Cf3%2Cf7&fields2=f51%2Cf52%2Cf53%2Cf54%2Cf55%2Cf56&lmt=120 (Caused by SSLError(SSLError(1, '[SSL] record layer failure (_ssl.c:2648)')))",0,2026-07-06T15:22:49.073620+00:00
000063,SSLError,"HTTPSConnectionPool(host='push2his.eastmoney.com', port=443): Max retries exceeded with url: /api/qt/stock/fflow/daykline/get?secid=0.000063&fields1=f1%2Cf2%2Cf3%2Cf7&fields2=f51%2Cf52%2Cf53%2Cf54%2Cf55%2Cf56&lmt=120 (Caused by SSLError(SSLError(1, '[SSL] record layer failure (_ssl.c:2648)')))",0,2026-07-06T15:22:49.073620+00:00
000100,ReadTimeout,"HTTPSConnectionPool(host='push2his.eastmoney.com', port=443): Read timed out. (read timeout=4)",0,2026-07-06T15:22:49.073620+00:00
000157,SSLError,"HTTPSConnectionPool(host='push2his.eastmoney.com', port=443): Max retries exceeded with url: /api/qt/stock/fflow/daykline/get?secid=0.000157&fields1=f1%2Cf2%2Cf3%2Cf7&fields2=f51%2Cf52%2Cf53%2Cf54%2Cf55%2Cf56&lmt=120 (Caused by SSLError(SSLError(1, '[SSL] record layer failure (_ssl.c:2648)')))",0,2026-07-06T15:22:49.073620+00:00
000166,SSLError,"HTTPSConnectionPool(host='push2his.eastmoney.com', port=443): Max retries exceeded with url: /api/qt/stock/fflow/daykline/get?secid=0.000166&fields1=f1%2Cf2%2Cf3%2Cf7&fields2=f51%2Cf52%2Cf53%2Cf54%2Cf55%2Cf56&lmt=120 (Caused by SSLError(SSLError(1, '[SSL] record layer failure (_ssl.c:2648)')))",0,2026-07-06T15:22:49.073620+00:00
000301,SSLError,"HTTPSConnectionPool(host='push2his.eastmoney.com', port=443): Max retries exceeded with url: /api/qt/stock/fflow/daykline/get?secid=0.000301&fields1=f1%2Cf2%2Cf3%2Cf7&fields2=f51%2Cf52%2Cf53%2Cf54%2Cf55%2Cf56&lmt=120 (Caused by SSLError(SSLError(1, '[SSL] record layer failure (_ssl.c:2648)')))",0,2026-07-06T15:22:49.073620+00:00
000333,SSLError,"HTTPSConnectionPool(host='push2his.eastmoney.com', port=443): Max retries exceeded with url: /api/qt/stock/fflow/daykline/get?secid=0.000333&fields1=f1%2Cf2%2Cf3%2Cf7&fields2=f51%2Cf52%2Cf53%2Cf54%2Cf55%2Cf56&lmt=120 (Caused by SSLError(SSLError(1, '[SSL] record layer failure (_ssl.c:2648)')))",0,2026-07-06T15:22:49.073620+00:00
000338,SSLError,"HTTPSConnectionPool(host='push2his.eastmoney.com', port=443): Max retries exceeded with url: /api/qt/stock/fflow/daykline/get?secid=0.000338&fields1=f1%2Cf2%2Cf3%2Cf7&fields2=f51%2Cf52%2Cf53%2Cf54%2Cf55%2Cf56&lmt=120 (Caused by SSLError(SSLError(1, '[SSL] record layer failure (_ssl.c:2648)')))",0,2026-07-06T15:22:49.073620+00:00
000408,ReadTimeout,"HTTPSConnectionPool(host='push2his.eastmoney.com', port=443): Read timed out. (read timeout=4)",0,2026-07-06T15:22:49.073620+00:00
000425,SSLError,"HTTPSConnectionPool(host='push2his.eastmoney.com', port=443): Max retries exceeded with url: /api/qt/stock/fflow/daykline/get?secid=0.000425&fields1=f1%2Cf2%2Cf3%2Cf7&fields2=f51%2Cf52%2Cf53%2Cf54%2Cf55%2Cf56&lmt=120 (Caused by SSLError(SSLError(1, '[SSL] record layer failure (_ssl.c:2648)')))",0,2026-07-06T15:22:49.073620+00:00
000538,SSLError,"HTTPSConnectionPool(host='push2his.eastmoney.com', port=443): Max retries exceeded with url: /api/qt/stock/fflow/daykline/get?secid=0.000538&fields1=f1%2Cf2%2Cf3%2Cf7&fields2=f51%2Cf52%2Cf53%2Cf54%2Cf55%2Cf56&lmt=120 (Caused by SSLError(SSLError(1, '[SSL] record layer failure (_ssl.c:2648)')))",0,2026-07-06T15:22:49.073620+00:00
000568,SSLError,"HTTPSConnectionPool(host='push2his.eastmoney.com', port=443): Max retries exceeded with url: /api/qt/stock/fflow/daykline/get?secid=0.000568&fields1=f1%2Cf2%2Cf3%2Cf7&fields2=f51%2Cf52%2Cf53%2Cf54%2Cf55%2Cf56&lmt=120 (Caused by SSLError(SSLError(1, '[SSL] record layer failure (_ssl.c:2648)')))",0,2026-07-06T15:22:49.073620+00:00
000596,ReadTimeout,"HTTPSConnectionPool(host='push2his.eastmoney.com', port=443): Read timed out. (read timeout=4)",0,2026-07-06T15:22:49.073620+00:00
000617,ReadTimeout,"HTTPSConnectionPool(host='push2his.eastmoney.com', port=443): Read timed out. (read timeout=4)",0,2026-07-06T15:22:49.073620+00:00
000625,SSLError,"HTTPSConnectionPool(host='push2his.eastmoney.com', port=443): Max retries exceeded with url: /api/qt/stock/fflow/daykline/get?secid=0.000625&fields1=f1%2Cf2%2Cf3%2Cf7&fields2=f51%2Cf52%2Cf53%2Cf54%2Cf55%2Cf56&lmt=120 (Caused by SSLError(SSLError(1, '[SSL] record layer failure (_ssl.c:2648)')))",0,2026-07-06T15:22:49.073620+00:00
000630,SSLError,"HTTPSConnectionPool(host='push2his.eastmoney.com', port=443): Max retries exceeded with url: /api/qt/stock/fflow/daykline/get?secid=0.000630&fields1=f1%2Cf2%2Cf3%2Cf7&fields2=f51%2Cf52%2Cf53%2Cf54%2Cf55%2Cf56&lmt=120 (Caused by SSLError(SSLError(1, '[SSL] record layer failure (_ssl.c:2648)')))",0,2026-07-06T15:22:49.073620+00:00
000651,SSLError,"HTTPSConnectionPool(host='push2his.eastmoney.com', port=443): Max retries exceeded with url: /api/qt/stock/fflow/daykline/get?secid=0.000651&fields1=f1%2Cf2%2Cf3%2Cf7&fields2=f51%2Cf52%2Cf53%2Cf54%2Cf55%2Cf56&lmt=120 (Caused by SSLError(SSLError(1, '[SSL] record layer failure (_ssl.c:2648)')))",0,2026-07-06T15:22:49.073620+00:00
000657,SSLError,"HTTPSConnectionPool(host='push2his.eastmoney.com', port=443): Max retries exceeded with url: /api/qt/stock/fflow/daykline/get?secid=0.000657&fields1=f1%2Cf2%2Cf3%2Cf7&fields2=f51%2Cf52%2Cf53%2Cf54%2Cf55%2Cf56&lmt=120 (Caused by SSLError(SSLError(1, '[SSL] record layer failure (_ssl.c:2648)')))",0,2026-07-06T15:22:49.073620+00:00
000708,SSLError,"HTTPSConnectionPool(host='push2his.eastmoney.com', port=443): Max retries exceeded with url: /api/qt/stock/fflow/daykline/get?secid=0.000708&fields1=f1%2Cf2%2Cf3%2Cf7&fields2=f51%2Cf52%2Cf53%2Cf54%2Cf55%2Cf56&lmt=120 (Caused by SSLError(SSLError(1, '[SSL] record layer failure (_ssl.c:2648)')))",0,2026-07-06T15:22:49.073620+00:00
000725,SSLError,"HTTPSConnectionPool(host='push2his.eastmoney.com', port=443): Max retries exceeded with url: /api/qt/stock/fflow/daykline/get?secid=0.000725&fields1=f1%2Cf2%2Cf3%2Cf7&fields2=f51%2Cf52%2Cf53%2Cf54%2Cf55%2Cf56&lmt=120 (Caused by SSLError(SSLError(1, '[SSL] record layer failure (_ssl.c:2648)')))",0,2026-07-06T15:22:49.073620+00:00
000768,SSLError,"HTTPSConnectionPool(host='push2his.eastmoney.com', port=443): Max retries exceeded with url: /api/qt/stock/fflow/daykline/get?secid=0.000768&fields1=f1%2Cf2%2Cf3%2Cf7&fields2=f51%2Cf52%2Cf53%2Cf54%2Cf55%2Cf56&lmt=120 (Caused by SSLError(SSLError(1, '[SSL] record layer failure (_ssl.c:2648)')))",0,2026-07-06T15:22:49.073620+00:00
000776,SSLError,"HTTPSConnectionPool(host='push2his.eastmoney.com', port=443): Max retries exceeded with url: /api/qt/stock/fflow/daykline/get?secid=0.000776&fields1=f1%2Cf2%2Cf3%2Cf7&fields2=f51%2Cf52%2Cf53%2Cf54%2Cf55%2Cf56&lmt=120 (Caused by SSLError(SSLError(1, '[SSL] record layer failure (_ssl.c:2648)')))",0,2026-07-06T15:22:49.073620+00:00
000792,SSLError,"HTTPSConnectionPool(host='push2his.eastmoney.com', port=443): Max retries exceeded with url: /api/qt/stock/fflow/daykline/get?secid=0.000792&fields1=f1%2Cf2%2Cf3%2Cf7&fields2=f51%2Cf52%2Cf53%2Cf54%2Cf55%2Cf56&lmt=120 (Caused by SSLError(SSLError(1, '[SSL] record layer failure (_ssl.c:2648)')))",0,2026-07-06T15:22:49.073620+00:00
000807,SSLError,"HTTPSConnectionPool(host='push2his.eastmoney.com', port=443): Max retries exceeded with url: /api/qt/stock/fflow/daykline/get?secid=0.000807&fields1=f1%2Cf2%2Cf3%2Cf7&fields2=f51%2Cf52%2Cf53%2Cf54%2Cf55%2Cf56&lmt=120 (Caused by SSLError(SSLError(1, '[SSL] record layer failure (_ssl.c:2648)')))",0,2026-07-06T15:22:49.073620+00:00
000858,SSLError,"HTTPSConnectionPool(host='push2his.eastmoney.com', port=443): Max retries exceeded with url: /api/qt/stock/fflow/daykline/get?secid=0.000858&fields1=f1%2Cf2%2Cf3%2Cf7&fields2=f51%2Cf52%2Cf53%2Cf54%2Cf55%2Cf56&lmt=120 (Caused by SSLError(SSLError(1, '[SSL] record layer failure (_ssl.c:2648)')))",0,2026-07-06T15:22:49.073620+00:00
000895,SSLError,"HTTPSConnectionPool(host='push2his.eastmoney.com', port=443): Max retries exceeded with url: /api/qt/stock/fflow/daykline/get?secid=0.000895&fields1=f1%2Cf2%2Cf3%2Cf7&fields2=f51%2Cf52%2Cf53%2Cf54%2Cf55%2Cf56&lmt=120 (Caused by SSLError(SSLError(1, '[SSL] record layer failure (_ssl.c:2648)')))",0,2026-07-06T15:22:49.073620+00:00
000938,SSLError,"HTTPSConnectionPool(host='push2his.eastmoney.com', port=443): Max retries exceeded with url: /api/qt/stock/fflow/daykline/get?secid=0.000938&fields1=f1%2Cf2%2Cf3%2Cf7&fields2=f51%2Cf52%2Cf53%2Cf54%2Cf55%2Cf56&lmt=120 (Caused by SSLError(SSLError(1, '[SSL] record layer failure (_ssl.c:2648)')))",0,2026-07-06T15:22:49.073620+00:00
000963,ReadTimeout,"HTTPSConnectionPool(host='push2his.eastmoney.com', port=443): Read timed out. (read timeout=4)",0,2026-07-06T15:22:49.073620+00:00
000975,SSLError,"HTTPSConnectionPool(host='push2his.eastmoney.com', port=443): Max retries exceeded with url: /api/qt/stock/fflow/daykline/get?secid=0.000975&fields1=f1%2Cf2%2Cf3%2Cf7&fields2=f51%2Cf52%2Cf53%2Cf54%2Cf55%2Cf56&lmt=120 (Caused by SSLError(SSLError(1, '[SSL] record layer failure (_ssl.c:2648)')))",0,2026-07-06T15:22:49.073620+00:00
000977,ReadTimeout,"HTTPSConnectionPool(host='push2his.eastmoney.com', port=443): Read timed out. (read timeout=4)",0,2026-07-06T15:22:49.073620+00:00
000988,SSLError,"HTTPSConnectionPool(host='push2his.eastmoney.com', port=443): Max retries exceeded with url: /api/qt/stock/fflow/daykline/get?secid=0.000988&fields1=f1%2Cf2%2Cf3%2Cf7&fields2=f51%2Cf52%2Cf53%2Cf54%2Cf55%2Cf56&lmt=120 (Caused by SSLError(SSLError(1, '[SSL] record layer failure (_ssl.c:2648)')))",0,2026-07-06T15:22:49.073620+00:00
000999,ProxyError,"HTTPSConnectionPool(host='push2his.eastmoney.com', port=443): Max retries exceeded with url: /api/qt/stock/fflow/daykline/get?secid=0.000999&fields1=f1%2Cf2%2Cf3%2Cf7&fields2=f51%2Cf52%2Cf53%2Cf54%2Cf55%2Cf56&lmt=120 (Caused by ProxyError('Unable to connect to proxy', RemoteDisconnected('Remote end closed connection without response')))",0,2026-07-06T15:22:49.073620+00:00
001280,ReadTimeout,"HTTPSConnectionPool(host='push2his.eastmoney.com', port=443): Read timed out. (read timeout=4)",0,2026-07-06T15:22:49.073620+00:00
001391,SSLError,"HTTPSConnectionPool(host='push2his.eastmoney.com', port=443): Max retries exceeded with url: /api/qt/stock/fflow/daykline/get?secid=0.001391&fields1=f1%2Cf2%2Cf3%2Cf7&fields2=f51%2Cf52%2Cf53%2Cf54%2Cf55%2Cf56&lmt=120 (Caused by SSLError(SSLError(1, '[SSL] record layer failure (_ssl.c:2648)')))",0,2026-07-06T15:22:49.073620+00:00
001965,ReadTimeout,"HTTPSConnectionPool(host='push2his.eastmoney.com', port=443): Read timed out. (read timeout=4)",0,2026-07-06T15:22:49.073620+00:00
001979,SSLError,"HTTPSConnectionPool(host='push2his.eastmoney.com', port=443): Max retries exceeded with url: /api/qt/stock/fflow/daykline/get?secid=0.001979&fields1=f1%2Cf2%2Cf3%2Cf7&fields2=f51%2Cf52%2Cf53%2Cf54%2Cf55%2Cf56&lmt=120 (Caused by SSLError(SSLError(1, '[SSL] record layer failure (_ssl.c:2648)')))",0,2026-07-06T15:22:49.073620+00:00
002001,ProxyError,"HTTPSConnectionPool(host='push2his.eastmoney.com', port=443): Max retries exceeded with url: /api/qt/stock/fflow/daykline/get?secid=0.002001&fields1=f1%2Cf2%2Cf3%2Cf7&fields2=f51%2Cf52%2Cf53%2Cf54%2Cf55%2Cf56&lmt=120 (Caused by ProxyError('Unable to connect to proxy', RemoteDisconnected('Remote end closed connection without response')))",0,2026-07-06T15:22:49.073620+00:00
002027,SSLError,"HTTPSConnectionPool(host='push2his.eastmoney.com', port=443): Max retries exceeded with url: /api/qt/stock/fflow/daykline/get?secid=0.002027&fields1=f1%2Cf2%2Cf3%2Cf7&fields2=f51%2Cf52%2Cf53%2Cf54%2Cf55%2Cf56&lmt=120 (Caused by SSLError(SSLError(1, '[SSL] record layer failure (_ssl.c:2648)')))",0,2026-07-06T15:22:49.073620+00:00
002028,SSLError,"HTTPSConnectionPool(host='push2his.eastmoney.com', port=443): Max retries exceeded with url: /api/qt/stock/fflow/daykline/get?secid=0.002028&fields1=f1%2Cf2%2Cf3%2Cf7&fields2=f51%2Cf52%2Cf53%2Cf54%2Cf55%2Cf56&lmt=120 (Caused by SSLError(SSLError(1, '[SSL] record layer failure (_ssl.c:2648)')))",0,2026-07-06T15:22:49.073620+00:00
002049,ReadTimeout,"HTTPSConnectionPool(host='push2his.eastmoney.com', port=443): Read timed out. (read timeout=4)",0,2026-07-06T15:22:49.073620+00:00
002050,SSLError,"HTTPSConnectionPool(host='push2his.eastmoney.com', port=443): Max retries exceeded with url: /api/qt/stock/fflow/daykline/get?secid=0.002050&fields1=f1%2Cf2%2Cf3%2Cf7&fields2=f51%2Cf52%2Cf53%2Cf54%2Cf55%2Cf56&lmt=120 (Caused by SSLError(SSLError(1, '[SSL] record layer failure (_ssl.c:2648)')))",0,2026-07-06T15:22:49.073620+00:00
002074,SSLError,"HTTPSConnectionPool(host='push2his.eastmoney.com', port=443): Max retries exceeded with url: /api/qt/stock/fflow/daykline/get?secid=0.002074&fields1=f1%2Cf2%2Cf3%2Cf7&fields2=f51%2Cf52%2Cf53%2Cf54%2Cf55%2Cf56&lmt=120 (Caused by SSLError(SSLError(1, '[SSL] record layer failure (_ssl.c:2648)')))",0,2026-07-06T15:22:49.073620+00:00
002142,SSLError,"HTTPSConnectionPool(host='push2his.eastmoney.com', port=443): Max retries exceeded with url: /api/qt/stock/fflow/daykline/get?secid=0.002142&fields1=f1%2Cf2%2Cf3%2Cf7&fields2=f51%2Cf52%2Cf53%2Cf54%2Cf55%2Cf56&lmt=120 (Caused by SSLError(SSLError(1, '[SSL] record layer failure (_ssl.c:2648)')))",0,2026-07-06T15:22:49.073620+00:00
002179,SSLError,"HTTPSConnectionPool(host='push2his.eastmoney.com', port=443): Max retries exceeded with url: /api/qt/stock/fflow/daykline/get?secid=0.002179&fields1=f1%2Cf2%2Cf3%2Cf7&fields2=f51%2Cf52%2Cf53%2Cf54%2Cf55%2Cf56&lmt=120 (Caused by SSLError(SSLError(1, '[SSL] record layer failure (_ssl.c:2648)')))",0,2026-07-06T15:22:49.073620+00:00
002202,SSLError,"HTTPSConnectionPool(host='push2his.eastmoney.com', port=443): Max retries exceeded with url: /api/qt/stock/fflow/daykline/get?secid=0.002202&fields1=f1%2Cf2%2Cf3%2Cf7&fields2=f51%2Cf52%2Cf53%2Cf54%2Cf55%2Cf56&lmt=120 (Caused by SSLError(SSLError(1, '[SSL] record layer failure (_ssl.c:2648)')))",0,2026-07-06T15:22:49.073620+00:00
002230,ReadTimeout,"HTTPSConnectionPool(host='push2his.eastmoney.com', port=443): Read timed out. (read timeout=4)",0,2026-07-06T15:22:49.073620+00:00
002311,SSLError,"HTTPSConnectionPool(host='push2his.eastmoney.com', port=443): Max retries exceeded with url: /api/qt/stock/fflow/daykline/get?secid=0.002311&fields1=f1%2Cf2%2Cf3%2Cf7&fields2=f51%2Cf52%2Cf53%2Cf54%2Cf55%2Cf56&lmt=120 (Caused by SSLError(SSLError(1, '[SSL] record layer failure (_ssl.c:2648)')))",0,2026-07-06T15:22:49.073620+00:00
002352,SSLError,"HTTPSConnectionPool(host='push2his.eastmoney.com', port=443): Max retries exceeded with url: /api/qt/stock/fflow/daykline/get?secid=0.002352&fields1=f1%2Cf2%2Cf3%2Cf7&fields2=f51%2Cf52%2Cf53%2Cf54%2Cf55%2Cf56&lmt=120 (Caused by SSLError(SSLError(1, '[SSL] record layer failure (_ssl.c:2648)')))",0,2026-07-06T15:22:49.073620+00:00
002353,SSLError,"HTTPSConnectionPool(host='push2his.eastmoney.com', port=443): Max retries exceeded with url: /api/qt/stock/fflow/daykline/get?secid=0.002353&fields1=f1%2Cf2%2Cf3%2Cf7&fields2=f51%2Cf52%2Cf53%2Cf54%2Cf55%2Cf56&lmt=120 (Caused by SSLError(SSLError(1, '[SSL] record layer failure (_ssl.c:2648)')))",0,2026-07-06T15:22:49.073620+00:00
002371,ReadTimeout,"HTTPSConnectionPool(host='push2his.eastmoney.com', port=443): Read timed out. (read timeout=4)",0,2026-07-06T15:22:49.073620+00:00
002384,ReadTimeout,"HTTPSConnectionPool(host='push2his.eastmoney.com', port=443): Read timed out. (read timeout=4)",0,2026-07-06T15:22:49.073620+00:00
002415,SSLError,"HTTPSConnectionPool(host='push2his.eastmoney.com', port=443): Max retries exceeded with url: /api/qt/stock/fflow/daykline/get?secid=0.002415&fields1=f1%2Cf2%2Cf3%2Cf7&fields2=f51%2Cf52%2Cf53%2Cf54%2Cf55%2Cf56&lmt=120 (Caused by SSLError(SSLError(1, '[SSL] record layer failure (_ssl.c:2648)')))",0,2026-07-06T15:22:49.073620+00:00
002422,SSLError,"HTTPSConnectionPool(host='push2his.eastmoney.com', port=443): Max retries exceeded with url: /api/qt/stock/fflow/daykline/get?secid=0.002422&fields1=f1%2Cf2%2Cf3%2Cf7&fields2=f51%2Cf52%2Cf53%2Cf54%2Cf55%2Cf56&lmt=120 (Caused by SSLError(SSLError(1, '[SSL] record layer failure (_ssl.c:2648)')))",0,2026-07-06T15:22:49.073620+00:00
002460,SSLError,"HTTPSConnectionPool(host='push2his.eastmoney.com', port=443): Max retries exceeded with url: /api/qt/stock/fflow/daykline/get?secid=0.002460&fields1=f1%2Cf2%2Cf3%2Cf7&fields2=f51%2Cf52%2Cf53%2Cf54%2Cf55%2Cf56&lmt=120 (Caused by SSLError(SSLError(1, '[SSL] record layer failure (_ssl.c:2648)')))",0,2026-07-06T15:22:49.073620+00:00
002463,SSLError,"HTTPSConnectionPool(host='push2his.eastmoney.com', port=443): Max retries exceeded with url: /api/qt/stock/fflow/daykline/get?secid=0.002463&fields1=f1%2Cf2%2Cf3%2Cf7&fields2=f51%2Cf52%2Cf53%2Cf54%2Cf55%2Cf56&lmt=120 (Caused by SSLError(SSLError(1, '[SSL] record layer failure (_ssl.c:2648)')))",0,2026-07-06T15:22:49.073620+00:00
002466,ReadTimeout,"HTTPSConnectionPool(host='push2his.eastmoney.com', port=443): Read timed out. (read timeout=4)",0,2026-07-06T15:22:49.073620+00:00
002475,SSLError,"HTTPSConnectionPool(host='push2his.eastmoney.com', port=443): Max retries exceeded with url: /api/qt/stock/fflow/daykline/get?secid=0.002475&fields1=f1%2Cf2%2Cf3%2Cf7&fields2=f51%2Cf52%2Cf53%2Cf54%2Cf55%2Cf56&lmt=120 (Caused by SSLError(SSLError(1, '[SSL] record layer failure (_ssl.c:2648)')))",0,2026-07-06T15:22:49.073620+00:00
002493,SSLError,"HTTPSConnectionPool(host='push2his.eastmoney.com', port=443): Max retries exceeded with url: /api/qt/stock/fflow/daykline/get?secid=0.002493&fields1=f1%2Cf2%2Cf3%2Cf7&fields2=f51%2Cf52%2Cf53%2Cf54%2Cf55%2Cf56&lmt=120 (Caused by SSLError(SSLError(1, '[SSL] record layer failure (_ssl.c:2648)')))",0,2026-07-06T15:22:49.073620+00:00
002532,SSLError,"HTTPSConnectionPool(host='push2his.eastmoney.com', port=443): Max retries exceeded with url: /api/qt/stock/fflow/daykline/get?secid=0.002532&fields1=f1%2Cf2%2Cf3%2Cf7&fields2=f51%2Cf52%2Cf53%2Cf54%2Cf55%2Cf56&lmt=120 (Caused by SSLError(SSLError(1, '[SSL] record layer failure (_ssl.c:2648)')))",0,2026-07-06T15:22:49.073620+00:00
002558,SSLError,"HTTPSConnectionPool(host='push2his.eastmoney.com', port=443): Max retries exceeded with url: /api/qt/stock/fflow/daykline/get?secid=0.002558&fields1=f1%2Cf2%2Cf3%2Cf7&fields2=f51%2Cf52%2Cf53%2Cf54%2Cf55%2Cf56&lmt=120 (Caused by SSLError(SSLError(1, '[SSL] record layer failure (_ssl.c:2648)')))",0,2026-07-06T15:22:49.073620+00:00
002594,SSLError,"HTTPSConnectionPool(host='push2his.eastmoney.com', port=443): Max retries exceeded with url: /api/qt/stock/fflow/daykline/get?secid=0.002594&fields1=f1%2Cf2%2Cf3%2Cf7&fields2=f51%2Cf52%2Cf53%2Cf54%2Cf55%2Cf56&lmt=120 (Caused by SSLError(SSLError(1, '[SSL] record layer failure (_ssl.c:2648)')))",0,2026-07-06T15:22:49.073620+00:00
002600,ReadTimeout,"HTTPSConnectionPool(host='push2his.eastmoney.com', port=443): Read timed out. (read timeout=4)",0,2026-07-06T15:22:49.073620+00:00
002602,ReadTimeout,"HTTPSConnectionPool(host='push2his.eastmoney.com', port=443): Read timed out. (read timeout=4)",0,2026-07-06T15:22:49.073620+00:00
002625,ReadTimeout,"HTTPSConnectionPool(host='push2his.eastmoney.com', port=443): Read timed out. (read timeout=4)",0,2026-07-06T15:22:49.073620+00:00
002648,SSLError,"HTTPSConnectionPool(host='push2his.eastmoney.com', port=443): Max retries exceeded with url: /api/qt/stock/fflow/daykline/get?secid=0.002648&fields1=f1%2Cf2%2Cf3%2Cf7&fields2=f51%2Cf52%2Cf53%2Cf54%2Cf55%2Cf56&lmt=120 (Caused by SSLError(SSLError(1, '[SSL] record layer failure (_ssl.c:2648)')))",0,2026-07-06T15:22:49.073620+00:00
002709,SSLError,"HTTPSConnectionPool(host='push2his.eastmoney.com', port=443): Max retries exceeded with url: /api/qt/stock/fflow/daykline/get?secid=0.002709&fields1=f1%2Cf2%2Cf3%2Cf7&fields2=f51%2Cf52%2Cf53%2Cf54%2Cf55%2Cf56&lmt=120 (Caused by SSLError(SSLError(1, '[SSL] record layer failure (_ssl.c:2648)')))",0,2026-07-06T15:22:49.073620+00:00
002714,ReadTimeout,"HTTPSConnectionPool(host='push2his.eastmoney.com', port=443): Read timed out. (read timeout=4)",0,2026-07-06T15:22:49.073620+00:00
002736,SSLError,"HTTPSConnectionPool(host='push2his.eastmoney.com', port=443): Max retries exceeded with url: /api/qt/stock/fflow/daykline/get?secid=0.002736&fields1=f1%2Cf2%2Cf3%2Cf7&fields2=f51%2Cf52%2Cf53%2Cf54%2Cf55%2Cf56&lmt=120 (Caused by SSLError(SSLError(1, '[SSL] record layer failure (_ssl.c:2648)')))",0,2026-07-06T15:22:49.073620+00:00
002837,SSLError,"HTTPSConnectionPool(host='push2his.eastmoney.com', port=443): Max retries exceeded with url: /api/qt/stock/fflow/daykline/get?secid=0.002837&fields1=f1%2Cf2%2Cf3%2Cf7&fields2=f51%2Cf52%2Cf53%2Cf54%2Cf55%2Cf56&lmt=120 (Caused by SSLError(SSLError(1, '[SSL] record layer failure (_ssl.c:2648)')))",0,2026-07-06T15:22:49.073620+00:00
002916,SSLError,"HTTPSConnectionPool(host='push2his.eastmoney.com', port=443): Max retries exceeded with url: /api/qt/stock/fflow/daykline/get?secid=0.002916&fields1=f1%2Cf2%2Cf3%2Cf7&fields2=f51%2Cf52%2Cf53%2Cf54%2Cf55%2Cf56&lmt=120 (Caused by SSLError(SSLError(1, '[SSL] record layer failure (_ssl.c:2648)')))",0,2026-07-06T15:22:49.073620+00:00
002920,ReadTimeout,"HTTPSConnectionPool(host='push2his.eastmoney.com', port=443): Read timed out. (read timeout=4)",0,2026-07-06T15:22:49.073620+00:00
002938,SSLError,"HTTPSConnectionPool(host='push2his.eastmoney.com', port=443): Max retries exceeded with url: /api/qt/stock/fflow/daykline/get?secid=0.002938&fields1=f1%2Cf2%2Cf3%2Cf7&fields2=f51%2Cf52%2Cf53%2Cf54%2Cf55%2Cf56&lmt=120 (Caused by SSLError(SSLError(1, '[SSL] record layer failure (_ssl.c:2648)')))",0,2026-07-06T15:22:49.073620+00:00
003816,SSLError,"HTTPSConnectionPool(host='push2his.eastmoney.com', port=443): Max retries exceeded with url: /api/qt/stock/fflow/daykline/get?secid=0.003816&fields1=f1%2Cf2%2Cf3%2Cf7&fields2=f51%2Cf52%2Cf53%2Cf54%2Cf55%2Cf56&lmt=120 (Caused by SSLError(SSLError(1, '[SSL] record layer failure (_ssl.c:2648)')))",0,2026-07-06T15:22:49.073620+00:00
300014,SSLError,"HTTPSConnectionPool(host='push2his.eastmoney.com', port=443): Max retries exceeded with url: /api/qt/stock/fflow/daykline/get?secid=0.300014&fields1=f1%2Cf2%2Cf3%2Cf7&fields2=f51%2Cf52%2Cf53%2Cf54%2Cf55%2Cf56&lmt=120 (Caused by SSLError(SSLError(1, '[SSL] record layer failure (_ssl.c:2648)')))",0,2026-07-06T15:22:49.073620+00:00
300015,ReadTimeout,"HTTPSConnectionPool(host='push2his.eastmoney.com', port=443): Read timed out. (read timeout=4)",0,2026-07-06T15:22:49.073620+00:00
300033,SSLError,"HTTPSConnectionPool(host='push2his.eastmoney.com', port=443): Max retries exceeded with url: /api/qt/stock/fflow/daykline/get?secid=0.300033&fields1=f1%2Cf2%2Cf3%2Cf7&fields2=f51%2Cf52%2Cf53%2Cf54%2Cf55%2Cf56&lmt=120 (Caused by SSLError(SSLError(1, '[SSL] record layer failure (_ssl.c:2648)')))",0,2026-07-06T15:22:49.073620+00:00
300059,SSLError,"HTTPSConnectionPool(host='push2his.eastmoney.com', port=443): Max retries exceeded with url: /api/qt/stock/fflow/daykline/get?secid=0.300059&fields1=f1%2Cf2%2Cf3%2Cf7&fields2=f51%2Cf52%2Cf53%2Cf54%2Cf55%2Cf56&lmt=120 (Caused by SSLError(SSLError(1, '[SSL] record layer failure (_ssl.c:2648)')))",0,2026-07-06T15:22:49.073620+00:00
300122,SSLError,"HTTPSConnectionPool(host='push2his.eastmoney.com', port=443): Max retries exceeded with url: /api/qt/stock/fflow/daykline/get?secid=0.300122&fields1=f1%2Cf2%2Cf3%2Cf7&fields2=f51%2Cf52%2Cf53%2Cf54%2Cf55%2Cf56&lmt=120 (Caused by SSLError(SSLError(1, '[SSL] record layer failure (_ssl.c:2648)')))",0,2026-07-06T15:22:49.073620+00:00
300124,ReadTimeout,"HTTPSConnectionPool(host='push2his.eastmoney.com', port=443): Read timed out. (read timeout=4)",0,2026-07-06T15:22:49.073620+00:00
300251,SSLError,"HTTPSConnectionPool(host='push2his.eastmoney.com', port=443): Max retries exceeded with url: /api/qt/stock/fflow/daykline/get?secid=0.300251&fields1=f1%2Cf2%2Cf3%2Cf7&fields2=f51%2Cf52%2Cf53%2Cf54%2Cf55%2Cf56&lmt=120 (Caused by SSLError(SSLError(1, '[SSL] record layer failure (_ssl.c:2648)')))",0,2026-07-06T15:22:49.073620+00:00
300274,ReadTimeout,"HTTPSConnectionPool(host='push2his.eastmoney.com', port=443): Read timed out. (read timeout=4)",0,2026-07-06T15:22:49.073620+00:00
300308,ReadTimeout,"HTTPSConnectionPool(host='push2his.eastmoney.com', port=443): Read timed out. (read timeout=4)",0,2026-07-06T15:22:49.073620+00:00
300316,SSLError,"HTTPSConnectionPool(host='push2his.eastmoney.com', port=443): Max retries exceeded with url: /api/qt/stock/fflow/daykline/get?secid=0.300316&fields1=f1%2Cf2%2Cf3%2Cf7&fields2=f51%2Cf52%2Cf53%2Cf54%2Cf55%2Cf56&lmt=120 (Caused by SSLError(SSLError(1, '[SSL] record layer failure (_ssl.c:2648)')))",0,2026-07-06T15:22:49.073620+00:00
300394,SSLError,"HTTPSConnectionPool(host='push2his.eastmoney.com', port=443): Max retries exceeded with url: /api/qt/stock/fflow/daykline/get?secid=0.300394&fields1=f1%2Cf2%2Cf3%2Cf7&fields2=f51%2Cf52%2Cf53%2Cf54%2Cf55%2Cf56&lmt=120 (Caused by SSLError(SSLError(1, '[SSL] record layer failure (_ssl.c:2648)')))",0,2026-07-06T15:22:49.073620+00:00
300408,SSLError,"HTTPSConnectionPool(host='push2his.eastmoney.com', port=443): Max retries exceeded with url: /api/qt/stock/fflow/daykline/get?secid=0.300408&fields1=f1%2Cf2%2Cf3%2Cf7&fields2=f51%2Cf52%2Cf53%2Cf54%2Cf55%2Cf56&lmt=120 (Caused by SSLError(SSLError(1, '[SSL] record layer failure (_ssl.c:2648)')))",0,2026-07-06T15:22:49.073620+00:00
300413,ReadTimeout,"HTTPSConnectionPool(host='push2his.eastmoney.com', port=443): Read timed out. (read timeout=4)",0,2026-07-06T15:22:49.073620+00:00
300418,ReadTimeout,"HTTPSConnectionPool(host='push2his.eastmoney.com', port=443): Read timed out. (read timeout=4)",0,2026-07-06T15:22:49.073620+00:00
300433,SSLError,"HTTPSConnectionPool(host='push2his.eastmoney.com', port=443): Max retries exceeded with url: /api/qt/stock/fflow/daykline/get?secid=0.300433&fields1=f1%2Cf2%2Cf3%2Cf7&fields2=f51%2Cf52%2Cf53%2Cf54%2Cf55%2Cf56&lmt=120 (Caused by SSLError(SSLError(1, '[SSL] record layer failure (_ssl.c:2648)')))",0,2026-07-06T15:22:49.073620+00:00
300442,ReadTimeout,"HTTPSConnectionPool(host='push2his.eastmoney.com', port=443): Read timed out. (read timeout=4)",0,2026-07-06T15:22:49.073620+00:00
300450,SSLError,"HTTPSConnectionPool(host='push2his.eastmoney.com', port=443): Max retries exceeded with url: /api/qt/stock/fflow/daykline/get?secid=0.300450&fields1=f1%2Cf2%2Cf3%2Cf7&fields2=f51%2Cf52%2Cf53%2Cf54%2Cf55%2Cf56&lmt=120 (Caused by SSLError(SSLError(1, '[SSL] record layer failure (_ssl.c:2648)')))",0,2026-07-06T15:22:49.073620+00:00
300476,ReadTimeout,"HTTPSConnectionPool(host='push2his.eastmoney.com', port=443): Read timed out. (read timeout=4)",0,2026-07-06T15:22:49.073620+00:00
300498,ReadTimeout,"HTTPSConnectionPool(host='push2his.eastmoney.com', port=443): Read timed out. (read timeout=4)",0,2026-07-06T15:22:49.073620+00:00
300502,ProxyError,"HTTPSConnectionPool(host='push2his.eastmoney.com', port=443): Max retries exceeded with url: /api/qt/stock/fflow/daykline/get?secid=0.300502&fields1=f1%2Cf2%2Cf3%2Cf7&fields2=f51%2Cf52%2Cf53%2Cf54%2Cf55%2Cf56&lmt=120 (Caused by ProxyError('Unable to connect to proxy', RemoteDisconnected('Remote end closed connection without response')))",0,2026-07-06T15:22:49.073620+00:00
300628,SSLError,"HTTPSConnectionPool(host='push2his.eastmoney.com', port=443): Max retries exceeded with url: /api/qt/stock/fflow/daykline/get?secid=0.300628&fields1=f1%2Cf2%2Cf3%2Cf7&fields2=f51%2Cf52%2Cf53%2Cf54%2Cf55%2Cf56&lmt=120 (Caused by SSLError(SSLError(1, '[SSL] record layer failure (_ssl.c:2648)')))",0,2026-07-06T15:22:49.073620+00:00
300661,ReadTimeout,"HTTPSConnectionPool(host='push2his.eastmoney.com', port=443): Read timed out. (read timeout=4)",0,2026-07-06T15:22:49.073620+00:00
300750,SSLError,"HTTPSConnectionPool(host='push2his.eastmoney.com', port=443): Max retries exceeded with url: /api/qt/stock/fflow/daykline/get?secid=0.300750&fields1=f1%2Cf2%2Cf3%2Cf7&fields2=f51%2Cf52%2Cf53%2Cf54%2Cf55%2Cf56&lmt=120 (Caused by SSLError(SSLError(1, '[SSL] record layer failure (_ssl.c:2648)')))",0,2026-07-06T15:22:49.073620+00:00
300760,SSLError,"HTTPSConnectionPool(host='push2his.eastmoney.com', port=443): Max retries exceeded with url: /api/qt/stock/fflow/daykline/get?secid=0.300760&fields1=f1%2Cf2%2Cf3%2Cf7&fields2=f51%2Cf52%2Cf53%2Cf54%2Cf55%2Cf56&lmt=120 (Caused by SSLError(SSLError(1, '[SSL] record layer failure (_ssl.c:2648)')))",0,2026-07-06T15:22:49.073620+00:00
300803,SSLError,"HTTPSConnectionPool(host='push2his.eastmoney.com', port=443): Max retries exceeded with url: /api/qt/stock/fflow/daykline/get?secid=0.300803&fields1=f1%2Cf2%2Cf3%2Cf7&fields2=f51%2Cf52%2Cf53%2Cf54%2Cf55%2Cf56&lmt=120 (Caused by SSLError(SSLError(1, '[SSL] record layer failure (_ssl.c:2648)')))",0,2026-07-06T15:22:49.073620+00:00
300832,SSLError,"HTTPSConnectionPool(host='push2his.eastmoney.com', port=443): Max retries exceeded with url: /api/qt/stock/fflow/daykline/get?secid=0.300832&fields1=f1%2Cf2%2Cf3%2Cf7&fields2=f51%2Cf52%2Cf53%2Cf54%2Cf55%2Cf56&lmt=120 (Caused by SSLError(SSLError(1, '[SSL] record layer failure (_ssl.c:2648)')))",0,2026-07-06T15:22:49.073620+00:00
300866,SSLError,"HTTPSConnectionPool(host='push2his.eastmoney.com', port=443): Max retries exceeded with url: /api/qt/stock/fflow/daykline/get?secid=0.300866&fields1=f1%2Cf2%2Cf3%2Cf7&fields2=f51%2Cf52%2Cf53%2Cf54%2Cf55%2Cf56&lmt=120 (Caused by SSLError(SSLError(1, '[SSL] record layer failure (_ssl.c:2648)')))",0,2026-07-06T15:22:49.073620+00:00
300896,SSLError,"HTTPSConnectionPool(host='push2his.eastmoney.com', port=443): Max retries exceeded with url: /api/qt/stock/fflow/daykline/get?secid=0.300896&fields1=f1%2Cf2%2Cf3%2Cf7&fields2=f51%2Cf52%2Cf53%2Cf54%2Cf55%2Cf56&lmt=120 (Caused by SSLError(SSLError(1, '[SSL] record layer failure (_ssl.c:2648)')))",0,2026-07-06T15:22:49.073620+00:00
300999,SSLError,"HTTPSConnectionPool(host='push2his.eastmoney.com', port=443): Max retries exceeded with url: /api/qt/stock/fflow/daykline/get?secid=0.300999&fields1=f1%2Cf2%2Cf3%2Cf7&fields2=f51%2Cf52%2Cf53%2Cf54%2Cf55%2Cf56&lmt=120 (Caused by SSLError(SSLError(1, '[SSL] record layer failure (_ssl.c:2648)')))",0,2026-07-06T15:22:49.073620+00:00
301165,SSLError,"HTTPSConnectionPool(host='push2his.eastmoney.com', port=443): Max retries exceeded with url: /api/qt/stock/fflow/daykline/get?secid=0.301165&fields1=f1%2Cf2%2Cf3%2Cf7&fields2=f51%2Cf52%2Cf53%2Cf54%2Cf55%2Cf56&lmt=120 (Caused by SSLError(SSLError(1, '[SSL] record layer failure (_ssl.c:2648)')))",0,2026-07-06T15:22:49.073620+00:00
301236,SSLError,"HTTPSConnectionPool(host='push2his.eastmoney.com', port=443): Max retries exceeded with url: /api/qt/stock/fflow/daykline/get?secid=0.301236&fields1=f1%2Cf2%2Cf3%2Cf7&fields2=f51%2Cf52%2Cf53%2Cf54%2Cf55%2Cf56&lmt=120 (Caused by SSLError(SSLError(1, '[SSL] record layer failure (_ssl.c:2648)')))",0,2026-07-06T15:22:49.073620+00:00
301269,ReadTimeout,"HTTPSConnectionPool(host='push2his.eastmoney.com', port=443): Read timed out. (read timeout=4)",0,2026-07-06T15:22:49.073620+00:00
301308,SSLError,"HTTPSConnectionPool(host='push2his.eastmoney.com', port=443): Max retries exceeded with url: /api/qt/stock/fflow/daykline/get?secid=0.301308&fields1=f1%2Cf2%2Cf3%2Cf7&fields2=f51%2Cf52%2Cf53%2Cf54%2Cf55%2Cf56&lmt=120 (Caused by SSLError(SSLError(1, '[SSL] record layer failure (_ssl.c:2648)')))",0,2026-07-06T15:22:49.073620+00:00
302132,SSLError,"HTTPSConnectionPool(host='push2his.eastmoney.com', port=443): Max retries exceeded with url: /api/qt/stock/fflow/daykline/get?secid=0.302132&fields1=f1%2Cf2%2Cf3%2Cf7&fields2=f51%2Cf52%2Cf53%2Cf54%2Cf55%2Cf56&lmt=120 (Caused by SSLError(SSLError(1, '[SSL] record layer failure (_ssl.c:2648)')))",0,2026-07-06T15:22:49.073620+00:00
600000,SSLError,"HTTPSConnectionPool(host='push2his.eastmoney.com', port=443): Max retries exceeded with url: /api/qt/stock/fflow/daykline/get?secid=1.600000&fields1=f1%2Cf2%2Cf3%2Cf7&fields2=f51%2Cf52%2Cf53%2Cf54%2Cf55%2Cf56&lmt=120 (Caused by SSLError(SSLError(1, '[SSL] record layer failure (_ssl.c:2648)')))",0,2026-07-06T15:22:49.073620+00:00
600009,ReadTimeout,"HTTPSConnectionPool(host='push2his.eastmoney.com', port=443): Read timed out. (read timeout=4)",0,2026-07-06T15:22:49.073620+00:00
600010,ProxyError,"HTTPSConnectionPool(host='push2his.eastmoney.com', port=443): Max retries exceeded with url: /api/qt/stock/fflow/daykline/get?secid=1.600010&fields1=f1%2Cf2%2Cf3%2Cf7&fields2=f51%2Cf52%2Cf53%2Cf54%2Cf55%2Cf56&lmt=120 (Caused by ProxyError('Unable to connect to proxy', RemoteDisconnected('Remote end closed connection without response')))",0,2026-07-06T15:22:49.073620+00:00
600011,SSLError,"HTTPSConnectionPool(host='push2his.eastmoney.com', port=443): Max retries exceeded with url: /api/qt/stock/fflow/daykline/get?secid=1.600011&fields1=f1%2Cf2%2Cf3%2Cf7&fields2=f51%2Cf52%2Cf53%2Cf54%2Cf55%2Cf56&lmt=120 (Caused by SSLError(SSLError(1, '[SSL] record layer failure (_ssl.c:2648)')))",0,2026-07-06T15:22:49.073620+00:00
600015,SSLError,"HTTPSConnectionPool(host='push2his.eastmoney.com', port=443): Max retries exceeded with url: /api/qt/stock/fflow/daykline/get?secid=1.600015&fields1=f1%2Cf2%2Cf3%2Cf7&fields2=f51%2Cf52%2Cf53%2Cf54%2Cf55%2Cf56&lmt=120 (Caused by SSLError(SSLError(1, '[SSL] record layer failure (_ssl.c:2648)')))",0,2026-07-06T15:22:49.073620+00:00
600016,SSLError,"HTTPSConnectionPool(host='push2his.eastmoney.com', port=443): Max retries exceeded with url: /api/qt/stock/fflow/daykline/get?secid=1.600016&fields1=f1%2Cf2%2Cf3%2Cf7&fields2=f51%2Cf52%2Cf53%2Cf54%2Cf55%2Cf56&lmt=120 (Caused by SSLError(SSLError(1, '[SSL] record layer failure (_ssl.c:2648)')))",0,2026-07-06T15:22:49.073620+00:00
600018,ProxyError,"HTTPSConnectionPool(host='push2his.eastmoney.com', port=443): Max retries exceeded with url: /api/qt/stock/fflow/daykline/get?secid=1.600018&fields1=f1%2Cf2%2Cf3%2Cf7&fields2=f51%2Cf52%2Cf53%2Cf54%2Cf55%2Cf56&lmt=120 (Caused by ProxyError('Unable to connect to proxy', RemoteDisconnected('Remote end closed connection without response')))",0,2026-07-06T15:22:49.073620+00:00
600019,SSLError,"HTTPSConnectionPool(host='push2his.eastmoney.com', port=443): Max retries exceeded with url: /api/qt/stock/fflow/daykline/get?secid=1.600019&fields1=f1%2Cf2%2Cf3%2Cf7&fields2=f51%2Cf52%2Cf53%2Cf54%2Cf55%2Cf56&lmt=120 (Caused by SSLError(SSLError(1, '[SSL] record layer failure (_ssl.c:2648)')))",0,2026-07-06T15:22:49.073620+00:00
600023,SSLError,"HTTPSConnectionPool(host='push2his.eastmoney.com', port=443): Max retries exceeded with url: /api/qt/stock/fflow/daykline/get?secid=1.600023&fields1=f1%2Cf2%2Cf3%2Cf7&fields2=f51%2Cf52%2Cf53%2Cf54%2Cf55%2Cf56&lmt=120 (Caused by SSLError(SSLError(1, '[SSL] record layer failure (_ssl.c:2648)')))",0,2026-07-06T15:22:49.073620+00:00
600025,SSLError,"HTTPSConnectionPool(host='push2his.eastmoney.com', port=443): Max retries exceeded with url: /api/qt/stock/fflow/daykline/get?secid=1.600025&fields1=f1%2Cf2%2Cf3%2Cf7&fields2=f51%2Cf52%2Cf53%2Cf54%2Cf55%2Cf56&lmt=120 (Caused by SSLError(SSLError(1, '[SSL] record layer failure (_ssl.c:2648)')))",0,2026-07-06T15:22:49.073620+00:00
600026,SSLError,"HTTPSConnectionPool(host='push2his.eastmoney.com', port=443): Max retries exceeded with url: /api/qt/stock/fflow/daykline/get?secid=1.600026&fields1=f1%2Cf2%2Cf3%2Cf7&fields2=f51%2Cf52%2Cf53%2Cf54%2Cf55%2Cf56&lmt=120 (Caused by SSLError(SSLError(1, '[SSL] record layer failure (_ssl.c:2648)')))",0,2026-07-06T15:22:49.073620+00:00
600027,ReadTimeout,"HTTPSConnectionPool(host='push2his.eastmoney.com', port=443): Read timed out. (read timeout=4)",0,2026-07-06T15:22:49.073620+00:00
600028,ReadTimeout,"HTTPSConnectionPool(host='push2his.eastmoney.com', port=443): Read timed out. (read timeout=4)",0,2026-07-06T15:22:49.073620+00:00
600029,SSLError,"HTTPSConnectionPool(host='push2his.eastmoney.com', port=443): Max retries exceeded with url: /api/qt/stock/fflow/daykline/get?secid=1.600029&fields1=f1%2Cf2%2Cf3%2Cf7&fields2=f51%2Cf52%2Cf53%2Cf54%2Cf55%2Cf56&lmt=120 (Caused by SSLError(SSLError(1, '[SSL] record layer failure (_ssl.c:2648)')))",0,2026-07-06T15:22:49.073620+00:00
600030,SSLError,"HTTPSConnectionPool(host='push2his.eastmoney.com', port=443): Max retries exceeded with url: /api/qt/stock/fflow/daykline/get?secid=1.600030&fields1=f1%2Cf2%2Cf3%2Cf7&fields2=f51%2Cf52%2Cf53%2Cf54%2Cf55%2Cf56&lmt=120 (Caused by SSLError(SSLError(1, '[SSL] record layer failure (_ssl.c:2648)')))",0,2026-07-06T15:22:49.073620+00:00
600031,ProxyError,"HTTPSConnectionPool(host='push2his.eastmoney.com', port=443): Max retries exceeded with url: /api/qt/stock/fflow/daykline/get?secid=1.600031&fields1=f1%2Cf2%2Cf3%2Cf7&fields2=f51%2Cf52%2Cf53%2Cf54%2Cf55%2Cf56&lmt=120 (Caused by ProxyError('Unable to connect to proxy', RemoteDisconnected('Remote end closed connection without response')))",0,2026-07-06T15:22:49.073620+00:00
600036,ProxyError,"HTTPSConnectionPool(host='push2his.eastmoney.com', port=443): Max retries exceeded with url: /api/qt/stock/fflow/daykline/get?secid=1.600036&fields1=f1%2Cf2%2Cf3%2Cf7&fields2=f51%2Cf52%2Cf53%2Cf54%2Cf55%2Cf56&lmt=120 (Caused by ProxyError('Unable to connect to proxy', RemoteDisconnected('Remote end closed connection without response')))",0,2026-07-06T15:22:49.073620+00:00
600039,ProxyError,"HTTPSConnectionPool(host='push2his.eastmoney.com', port=443): Max retries exceeded with url: /api/qt/stock/fflow/daykline/get?secid=1.600039&fields1=f1%2Cf2%2Cf3%2Cf7&fields2=f51%2Cf52%2Cf53%2Cf54%2Cf55%2Cf56&lmt=120 (Caused by ProxyError('Unable to connect to proxy', RemoteDisconnected('Remote end closed connection without response')))",0,2026-07-06T15:22:49.073620+00:00
600048,ReadTimeout,"HTTPSConnectionPool(host='push2his.eastmoney.com', port=443): Read timed out. (read timeout=4)",0,2026-07-06T15:22:49.073620+00:00
600050,SSLError,"HTTPSConnectionPool(host='push2his.eastmoney.com', port=443): Max retries exceeded with url: /api/qt/stock/fflow/daykline/get?secid=1.600050&fields1=f1%2Cf2%2Cf3%2Cf7&fields2=f51%2Cf52%2Cf53%2Cf54%2Cf55%2Cf56&lmt=120 (Caused by SSLError(SSLError(1, '[SSL] record layer failure (_ssl.c:2648)')))",0,2026-07-06T15:22:49.073620+00:00
600061,SSLError,"HTTPSConnectionPool(host='push2his.eastmoney.com', port=443): Max retries exceeded with url: /api/qt/stock/fflow/daykline/get?secid=1.600061&fields1=f1%2Cf2%2Cf3%2Cf7&fields2=f51%2Cf52%2Cf53%2Cf54%2Cf55%2Cf56&lmt=120 (Caused by SSLError(SSLError(1, '[SSL] record layer failure (_ssl.c:2648)')))",0,2026-07-06T15:22:49.073620+00:00
600066,SSLError,"HTTPSConnectionPool(host='push2his.eastmoney.com', port=443): Max retries exceeded with url: /api/qt/stock/fflow/daykline/get?secid=1.600066&fields1=f1%2Cf2%2Cf3%2Cf7&fields2=f51%2Cf52%2Cf53%2Cf54%2Cf55%2Cf56&lmt=120 (Caused by SSLError(SSLError(1, '[SSL] record layer failure (_ssl.c:2648)')))",0,2026-07-06T15:22:49.073620+00:00
600085,ProxyError,"HTTPSConnectionPool(host='push2his.eastmoney.com', port=443): Max retries exceeded with url: /api/qt/stock/fflow/daykline/get?secid=1.600085&fields1=f1%2Cf2%2Cf3%2Cf7&fields2=f51%2Cf52%2Cf53%2Cf54%2Cf55%2Cf56&lmt=120 (Caused by ProxyError('Unable to connect to proxy', RemoteDisconnected('Remote end closed connection without response')))",0,2026-07-06T15:22:49.073620+00:00
600089,ProxyError,"HTTPSConnectionPool(host='push2his.eastmoney.com', port=443): Max retries exceeded with url: /api/qt/stock/fflow/daykline/get?secid=1.600089&fields1=f1%2Cf2%2Cf3%2Cf7&fields2=f51%2Cf52%2Cf53%2Cf54%2Cf55%2Cf56&lmt=120 (Caused by ProxyError('Unable to connect to proxy', RemoteDisconnected('Remote end closed connection without response')))",0,2026-07-06T15:22:49.073620+00:00
600104,ProxyError,"HTTPSConnectionPool(host='push2his.eastmoney.com', port=443): Max retries exceeded with url: /api/qt/stock/fflow/daykline/get?secid=1.600104&fields1=f1%2Cf2%2Cf3%2Cf7&fields2=f51%2Cf52%2Cf53%2Cf54%2Cf55%2Cf56&lmt=120 (Caused by ProxyError('Unable to connect to proxy', RemoteDisconnected('Remote end closed connection without response')))",0,2026-07-06T15:22:49.073620+00:00
600111,SSLError,"HTTPSConnectionPool(host='push2his.eastmoney.com', port=443): Max retries exceeded with url: /api/qt/stock/fflow/daykline/get?secid=1.600111&fields1=f1%2Cf2%2Cf3%2Cf7&fields2=f51%2Cf52%2Cf53%2Cf54%2Cf55%2Cf56&lmt=120 (Caused by SSLError(SSLError(1, '[SSL] record layer failure (_ssl.c:2648)')))",0,2026-07-06T15:22:49.073620+00:00
600115,SSLError,"HTTPSConnectionPool(host='push2his.eastmoney.com', port=443): Max retries exceeded with url: /api/qt/stock/fflow/daykline/get?secid=1.600115&fields1=f1%2Cf2%2Cf3%2Cf7&fields2=f51%2Cf52%2Cf53%2Cf54%2Cf55%2Cf56&lmt=120 (Caused by SSLError(SSLError(1, '[SSL] record layer failure (_ssl.c:2648)')))",0,2026-07-06T15:22:49.073620+00:00
600118,SSLError,"HTTPSConnectionPool(host='push2his.eastmoney.com', port=443): Max retries exceeded with url: /api/qt/stock/fflow/daykline/get?secid=1.600118&fields1=f1%2Cf2%2Cf3%2Cf7&fields2=f51%2Cf52%2Cf53%2Cf54%2Cf55%2Cf56&lmt=120 (Caused by SSLError(SSLError(1, '[SSL] record layer failure (_ssl.c:2648)')))",0,2026-07-06T15:22:49.073620+00:00
600150,SSLError,"HTTPSConnectionPool(host='push2his.eastmoney.com', port=443): Max retries exceeded with url: /api/qt/stock/fflow/daykline/get?secid=1.600150&fields1=f1%2Cf2%2Cf3%2Cf7&fields2=f51%2Cf52%2Cf53%2Cf54%2Cf55%2Cf56&lmt=120 (Caused by SSLError(SSLError(1, '[SSL] record layer failure (_ssl.c:2648)')))",0,2026-07-06T15:22:49.073620+00:00
600160,ReadTimeout,"HTTPSConnectionPool(host='push2his.eastmoney.com', port=443): Read timed out. (read timeout=4)",0,2026-07-06T15:22:49.073620+00:00
600176,ProxyError,"HTTPSConnectionPool(host='push2his.eastmoney.com', port=443): Max retries exceeded with url: /api/qt/stock/fflow/daykline/get?secid=1.600176&fields1=f1%2Cf2%2Cf3%2Cf7&fields2=f51%2Cf52%2Cf53%2Cf54%2Cf55%2Cf56&lmt=120 (Caused by ProxyError('Unable to connect to proxy', RemoteDisconnected('Remote end closed connection without response')))",0,2026-07-06T15:22:49.073620+00:00
600183,ProxyError,"HTTPSConnectionPool(host='push2his.eastmoney.com', port=443): Max retries exceeded with url: /api/qt/stock/fflow/daykline/get?secid=1.600183&fields1=f1%2Cf2%2Cf3%2Cf7&fields2=f51%2Cf52%2Cf53%2Cf54%2Cf55%2Cf56&lmt=120 (Caused by ProxyError('Unable to connect to proxy', RemoteDisconnected('Remote end closed connection without response')))",0,2026-07-06T15:22:49.073620+00:00
600188,ReadTimeout,"HTTPSConnectionPool(host='push2his.eastmoney.com', port=443): Read timed out. (read timeout=4)",0,2026-07-06T15:22:49.073620+00:00
600196,SSLError,"HTTPSConnectionPool(host='push2his.eastmoney.com', port=443): Max retries exceeded with url: /api/qt/stock/fflow/daykline/get?secid=1.600196&fields1=f1%2Cf2%2Cf3%2Cf7&fields2=f51%2Cf52%2Cf53%2Cf54%2Cf55%2Cf56&lmt=120 (Caused by SSLError(SSLError(1, '[SSL] record layer failure (_ssl.c:2648)')))",0,2026-07-06T15:22:49.073620+00:00
600219,SSLError,"HTTPSConnectionPool(host='push2his.eastmoney.com', port=443): Max retries exceeded with url: /api/qt/stock/fflow/daykline/get?secid=1.600219&fields1=f1%2Cf2%2Cf3%2Cf7&fields2=f51%2Cf52%2Cf53%2Cf54%2Cf55%2Cf56&lmt=120 (Caused by SSLError(SSLError(1, '[SSL] record layer failure (_ssl.c:2648)')))",0,2026-07-06T15:22:49.073620+00:00
600221,SSLError,"HTTPSConnectionPool(host='push2his.eastmoney.com', port=443): Max retries exceeded with url: /api/qt/stock/fflow/daykline/get?secid=1.600221&fields1=f1%2Cf2%2Cf3%2Cf7&fields2=f51%2Cf52%2Cf53%2Cf54%2Cf55%2Cf56&lmt=120 (Caused by SSLError(SSLError(1, '[SSL] record layer failure (_ssl.c:2648)')))",0,2026-07-06T15:22:49.073620+00:00
600233,SSLError,"HTTPSConnectionPool(host='push2his.eastmoney.com', port=443): Max retries exceeded with url: /api/qt/stock/fflow/daykline/get?secid=1.600233&fields1=f1%2Cf2%2Cf3%2Cf7&fields2=f51%2Cf52%2Cf53%2Cf54%2Cf55%2Cf56&lmt=120 (Caused by SSLError(SSLError(1, '[SSL] record layer failure (_ssl.c:2648)')))",0,2026-07-06T15:22:49.073620+00:00
600276,ReadTimeout,"HTTPSConnectionPool(host='push2his.eastmoney.com', port=443): Read timed out. (read timeout=4)",0,2026-07-06T15:22:49.073620+00:00
600309,SSLError,"HTTPSConnectionPool(host='push2his.eastmoney.com', port=443): Max retries exceeded with url: /api/qt/stock/fflow/daykline/get?secid=1.600309&fields1=f1%2Cf2%2Cf3%2Cf7&fields2=f51%2Cf52%2Cf53%2Cf54%2Cf55%2Cf56&lmt=120 (Caused by SSLError(SSLError(1, '[SSL] record layer failure (_ssl.c:2648)')))",0,2026-07-06T15:22:49.073620+00:00
600346,SSLError,"HTTPSConnectionPool(host='push2his.eastmoney.com', port=443): Max retries exceeded with url: /api/qt/stock/fflow/daykline/get?secid=1.600346&fields1=f1%2Cf2%2Cf3%2Cf7&fields2=f51%2Cf52%2Cf53%2Cf54%2Cf55%2Cf56&lmt=120 (Caused by SSLError(SSLError(1, '[SSL] record layer failure (_ssl.c:2648)')))",0,2026-07-06T15:22:49.073620+00:00
600362,SSLError,"HTTPSConnectionPool(host='push2his.eastmoney.com', port=443): Max retries exceeded with url: /api/qt/stock/fflow/daykline/get?secid=1.600362&fields1=f1%2Cf2%2Cf3%2Cf7&fields2=f51%2Cf52%2Cf53%2Cf54%2Cf55%2Cf56&lmt=120 (Caused by SSLError(SSLError(1, '[SSL] record layer failure (_ssl.c:2648)')))",0,2026-07-06T15:22:49.073620+00:00
600372,SSLError,"HTTPSConnectionPool(host='push2his.eastmoney.com', port=443): Max retries exceeded with url: /api/qt/stock/fflow/daykline/get?secid=1.600372&fields1=f1%2Cf2%2Cf3%2Cf7&fields2=f51%2Cf52%2Cf53%2Cf54%2Cf55%2Cf56&lmt=120 (Caused by SSLError(SSLError(1, '[SSL] record layer failure (_ssl.c:2648)')))",0,2026-07-06T15:22:49.073620+00:00
600406,SSLError,"HTTPSConnectionPool(host='push2his.eastmoney.com', port=443): Max retries exceeded with url: /api/qt/stock/fflow/daykline/get?secid=1.600406&fields1=f1%2Cf2%2Cf3%2Cf7&fields2=f51%2Cf52%2Cf53%2Cf54%2Cf55%2Cf56&lmt=120 (Caused by SSLError(SSLError(1, '[SSL] record layer failure (_ssl.c:2648)')))",0,2026-07-06T15:22:49.073620+00:00
600415,SSLError,"HTTPSConnectionPool(host='push2his.eastmoney.com', port=443): Max retries exceeded with url: /api/qt/stock/fflow/daykline/get?secid=1.600415&fields1=f1%2Cf2%2Cf3%2Cf7&fields2=f51%2Cf52%2Cf53%2Cf54%2Cf55%2Cf56&lmt=120 (Caused by SSLError(SSLError(1, '[SSL] record layer failure (_ssl.c:2648)')))",0,2026-07-06T15:22:49.073620+00:00
600426,SSLError,"HTTPSConnectionPool(host='push2his.eastmoney.com', port=443): Max retries exceeded with url: /api/qt/stock/fflow/daykline/get?secid=1.600426&fields1=f1%2Cf2%2Cf3%2Cf7&fields2=f51%2Cf52%2Cf53%2Cf54%2Cf55%2Cf56&lmt=120 (Caused by SSLError(SSLError(1, '[SSL] record layer failure (_ssl.c:2648)')))",0,2026-07-06T15:22:49.073620+00:00
600436,SSLError,"HTTPSConnectionPool(host='push2his.eastmoney.com', port=443): Max retries exceeded with url: /api/qt/stock/fflow/daykline/get?secid=1.600436&fields1=f1%2Cf2%2Cf3%2Cf7&fields2=f51%2Cf52%2Cf53%2Cf54%2Cf55%2Cf56&lmt=120 (Caused by SSLError(SSLError(1, '[SSL] record layer failure (_ssl.c:2648)')))",0,2026-07-06T15:22:49.073620+00:00
600438,SSLError,"HTTPSConnectionPool(host='push2his.eastmoney.com', port=443): Max retries exceeded with url: /api/qt/stock/fflow/daykline/get?secid=1.600438&fields1=f1%2Cf2%2Cf3%2Cf7&fields2=f51%2Cf52%2Cf53%2Cf54%2Cf55%2Cf56&lmt=120 (Caused by SSLError(SSLError(1, '[SSL] record layer failure (_ssl.c:2648)')))",0,2026-07-06T15:22:49.073620+00:00
600460,SSLError,"HTTPSConnectionPool(host='push2his.eastmoney.com', port=443): Max retries exceeded with url: /api/qt/stock/fflow/daykline/get?secid=1.600460&fields1=f1%2Cf2%2Cf3%2Cf7&fields2=f51%2Cf52%2Cf53%2Cf54%2Cf55%2Cf56&lmt=120 (Caused by SSLError(SSLError(1, '[SSL] record layer failure (_ssl.c:2648)')))",0,2026-07-06T15:22:49.073620+00:00
600482,ReadTimeout,"HTTPSConnectionPool(host='push2his.eastmoney.com', port=443): Read timed out. (read timeout=4)",0,2026-07-06T15:22:49.073620+00:00
600489,SSLError,"HTTPSConnectionPool(host='push2his.eastmoney.com', port=443): Max retries exceeded with url: /api/qt/stock/fflow/daykline/get?secid=1.600489&fields1=f1%2Cf2%2Cf3%2Cf7&fields2=f51%2Cf52%2Cf53%2Cf54%2Cf55%2Cf56&lmt=120 (Caused by SSLError(SSLError(1, '[SSL] record layer failure (_ssl.c:2648)')))",0,2026-07-06T15:22:49.073620+00:00
600515,SSLError,"HTTPSConnectionPool(host='push2his.eastmoney.com', port=443): Max retries exceeded with url: /api/qt/stock/fflow/daykline/get?secid=1.600515&fields1=f1%2Cf2%2Cf3%2Cf7&fields2=f51%2Cf52%2Cf53%2Cf54%2Cf55%2Cf56&lmt=120 (Caused by SSLError(SSLError(1, '[SSL] record layer failure (_ssl.c:2648)')))",0,2026-07-06T15:22:49.073620+00:00
600519,SSLError,"HTTPSConnectionPool(host='push2his.eastmoney.com', port=443): Max retries exceeded with url: /api/qt/stock/fflow/daykline/get?secid=1.600519&fields1=f1%2Cf2%2Cf3%2Cf7&fields2=f51%2Cf52%2Cf53%2Cf54%2Cf55%2Cf56&lmt=120 (Caused by SSLError(SSLError(1, '[SSL] record layer failure (_ssl.c:2648)')))",0,2026-07-06T15:22:49.073620+00:00
600522,ProxyError,"HTTPSConnectionPool(host='push2his.eastmoney.com', port=443): Max retries exceeded with url: /api/qt/stock/fflow/daykline/get?secid=1.600522&fields1=f1%2Cf2%2Cf3%2Cf7&fields2=f51%2Cf52%2Cf53%2Cf54%2Cf55%2Cf56&lmt=120 (Caused by ProxyError('Unable to connect to proxy', RemoteDisconnected('Remote end closed connection without response')))",0,2026-07-06T15:22:49.073620+00:00
600547,SSLError,"HTTPSConnectionPool(host='push2his.eastmoney.com', port=443): Max retries exceeded with url: /api/qt/stock/fflow/daykline/get?secid=1.600547&fields1=f1%2Cf2%2Cf3%2Cf7&fields2=f51%2Cf52%2Cf53%2Cf54%2Cf55%2Cf56&lmt=120 (Caused by SSLError(SSLError(1, '[SSL] record layer failure (_ssl.c:2648)')))",0,2026-07-06T15:22:49.073620+00:00
600549,ProxyError,"HTTPSConnectionPool(host='push2his.eastmoney.com', port=443): Max retries exceeded with url: /api/qt/stock/fflow/daykline/get?secid=1.600549&fields1=f1%2Cf2%2Cf3%2Cf7&fields2=f51%2Cf52%2Cf53%2Cf54%2Cf55%2Cf56&lmt=120 (Caused by ProxyError('Unable to connect to proxy', RemoteDisconnected('Remote end closed connection without response')))",0,2026-07-06T15:22:49.073620+00:00
600570,SSLError,"HTTPSConnectionPool(host='push2his.eastmoney.com', port=443): Max retries exceeded with url: /api/qt/stock/fflow/daykline/get?secid=1.600570&fields1=f1%2Cf2%2Cf3%2Cf7&fields2=f51%2Cf52%2Cf53%2Cf54%2Cf55%2Cf56&lmt=120 (Caused by SSLError(SSLError(1, '[SSL] record layer failure (_ssl.c:2648)')))",0,2026-07-06T15:22:49.073620+00:00
600584,SSLError,"HTTPSConnectionPool(host='push2his.eastmoney.com', port=443): Max retries exceeded with url: /api/qt/stock/fflow/daykline/get?secid=1.600584&fields1=f1%2Cf2%2Cf3%2Cf7&fields2=f51%2Cf52%2Cf53%2Cf54%2Cf55%2Cf56&lmt=120 (Caused by SSLError(SSLError(1, '[SSL] record layer failure (_ssl.c:2648)')))",0,2026-07-06T15:22:49.073620+00:00
600585,SSLError,"HTTPSConnectionPool(host='push2his.eastmoney.com', port=443): Max retries exceeded with url: /api/qt/stock/fflow/daykline/get?secid=1.600585&fields1=f1%2Cf2%2Cf3%2Cf7&fields2=f51%2Cf52%2Cf53%2Cf54%2Cf55%2Cf56&lmt=120 (Caused by SSLError(SSLError(1, '[SSL] record layer failure (_ssl.c:2648)')))",0,2026-07-06T15:22:49.073620+00:00
600588,SSLError,"HTTPSConnectionPool(host='push2his.eastmoney.com', port=443): Max retries exceeded with url: /api/qt/stock/fflow/daykline/get?secid=1.600588&fields1=f1%2Cf2%2Cf3%2Cf7&fields2=f51%2Cf52%2Cf53%2Cf54%2Cf55%2Cf56&lmt=120 (Caused by SSLError(SSLError(1, '[SSL] record layer failure (_ssl.c:2648)')))",0,2026-07-06T15:22:49.073620+00:00
600600,ReadTimeout,"HTTPSConnectionPool(host='push2his.eastmoney.com', port=443): Read timed out. (read timeout=4)",0,2026-07-06T15:22:49.073620+00:00
600660,SSLError,"HTTPSConnectionPool(host='push2his.eastmoney.com', port=443): Max retries exceeded with url: /api/qt/stock/fflow/daykline/get?secid=1.600660&fields1=f1%2Cf2%2Cf3%2Cf7&fields2=f51%2Cf52%2Cf53%2Cf54%2Cf55%2Cf56&lmt=120 (Caused by SSLError(SSLError(1, '[SSL] record layer failure (_ssl.c:2648)')))",0,2026-07-06T15:22:49.073620+00:00
600674,SSLError,"HTTPSConnectionPool(host='push2his.eastmoney.com', port=443): Max retries exceeded with url: /api/qt/stock/fflow/daykline/get?secid=1.600674&fields1=f1%2Cf2%2Cf3%2Cf7&fields2=f51%2Cf52%2Cf53%2Cf54%2Cf55%2Cf56&lmt=120 (Caused by SSLError(SSLError(1, '[SSL] record layer failure (_ssl.c:2648)')))",0,2026-07-06T15:22:49.073620+00:00
600690,SSLError,"HTTPSConnectionPool(host='push2his.eastmoney.com', port=443): Max retries exceeded with url: /api/qt/stock/fflow/daykline/get?secid=1.600690&fields1=f1%2Cf2%2Cf3%2Cf7&fields2=f51%2Cf52%2Cf53%2Cf54%2Cf55%2Cf56&lmt=120 (Caused by SSLError(SSLError(1, '[SSL] record layer failure (_ssl.c:2648)')))",0,2026-07-06T15:22:49.073620+00:00
600741,SSLError,"HTTPSConnectionPool(host='push2his.eastmoney.com', port=443): Max retries exceeded with url: /api/qt/stock/fflow/daykline/get?secid=1.600741&fields1=f1%2Cf2%2Cf3%2Cf7&fields2=f51%2Cf52%2Cf53%2Cf54%2Cf55%2Cf56&lmt=120 (Caused by SSLError(SSLError(1, '[SSL] record layer failure (_ssl.c:2648)')))",0,2026-07-06T15:22:49.073620+00:00
600760,SSLError,"HTTPSConnectionPool(host='push2his.eastmoney.com', port=443): Max retries exceeded with url: /api/qt/stock/fflow/daykline/get?secid=1.600760&fields1=f1%2Cf2%2Cf3%2Cf7&fields2=f51%2Cf52%2Cf53%2Cf54%2Cf55%2Cf56&lmt=120 (Caused by SSLError(SSLError(1, '[SSL] record layer failure (_ssl.c:2648)')))",0,2026-07-06T15:22:49.073620+00:00
600795,ReadTimeout,"HTTPSConnectionPool(host='push2his.eastmoney.com', port=443): Read timed out. (read timeout=4)",0,2026-07-06T15:22:49.073620+00:00
600803,SSLError,"HTTPSConnectionPool(host='push2his.eastmoney.com', port=443): Max retries exceeded with url: /api/qt/stock/fflow/daykline/get?secid=1.600803&fields1=f1%2Cf2%2Cf3%2Cf7&fields2=f51%2Cf52%2Cf53%2Cf54%2Cf55%2Cf56&lmt=120 (Caused by SSLError(SSLError(1, '[SSL] record layer failure (_ssl.c:2648)')))",0,2026-07-06T15:22:49.073620+00:00
600809,SSLError,"HTTPSConnectionPool(host='push2his.eastmoney.com', port=443): Max retries exceeded with url: /api/qt/stock/fflow/daykline/get?secid=1.600809&fields1=f1%2Cf2%2Cf3%2Cf7&fields2=f51%2Cf52%2Cf53%2Cf54%2Cf55%2Cf56&lmt=120 (Caused by SSLError(SSLError(1, '[SSL] record layer failure (_ssl.c:2648)')))",0,2026-07-06T15:22:49.073620+00:00
600845,ReadTimeout,"HTTPSConnectionPool(host='push2his.eastmoney.com', port=443): Read timed out. (read timeout=4)",0,2026-07-06T15:22:49.073620+00:00
600875,ReadTimeout,"HTTPSConnectionPool(host='push2his.eastmoney.com', port=443): Read timed out. (read timeout=4)",0,2026-07-06T15:22:49.073620+00:00
600886,SSLError,"HTTPSConnectionPool(host='push2his.eastmoney.com', port=443): Max retries exceeded with url: /api/qt/stock/fflow/daykline/get?secid=1.600886&fields1=f1%2Cf2%2Cf3%2Cf7&fields2=f51%2Cf52%2Cf53%2Cf54%2Cf55%2Cf56&lmt=120 (Caused by SSLError(SSLError(1, '[SSL] record layer failure (_ssl.c:2648)')))",0,2026-07-06T15:22:49.073620+00:00
600887,ReadTimeout,"HTTPSConnectionPool(host='push2his.eastmoney.com', port=443): Read timed out. (read timeout=4)",0,2026-07-06T15:22:49.073620+00:00
600893,SSLError,"HTTPSConnectionPool(host='push2his.eastmoney.com', port=443): Max retries exceeded with url: /api/qt/stock/fflow/daykline/get?secid=1.600893&fields1=f1%2Cf2%2Cf3%2Cf7&fields2=f51%2Cf52%2Cf53%2Cf54%2Cf55%2Cf56&lmt=120 (Caused by SSLError(SSLError(1, '[SSL] record layer failure (_ssl.c:2648)')))",0,2026-07-06T15:22:49.073620+00:00
600900,SSLError,"HTTPSConnectionPool(host='push2his.eastmoney.com', port=443): Max retries exceeded with url: /api/qt/stock/fflow/daykline/get?secid=1.600900&fields1=f1%2Cf2%2Cf3%2Cf7&fields2=f51%2Cf52%2Cf53%2Cf54%2Cf55%2Cf56&lmt=120 (Caused by SSLError(SSLError(1, '[SSL] record layer failure (_ssl.c:2648)')))",0,2026-07-06T15:22:49.073620+00:00
600905,SSLError,"HTTPSConnectionPool(host='push2his.eastmoney.com', port=443): Max retries exceeded with url: /api/qt/stock/fflow/daykline/get?secid=1.600905&fields1=f1%2Cf2%2Cf3%2Cf7&fields2=f51%2Cf52%2Cf53%2Cf54%2Cf55%2Cf56&lmt=120 (Caused by SSLError(SSLError(1, '[SSL] record layer failure (_ssl.c:2648)')))",0,2026-07-06T15:22:49.073620+00:00
600918,SSLError,"HTTPSConnectionPool(host='push2his.eastmoney.com', port=443): Max retries exceeded with url: /api/qt/stock/fflow/daykline/get?secid=1.600918&fields1=f1%2Cf2%2Cf3%2Cf7&fields2=f51%2Cf52%2Cf53%2Cf54%2Cf55%2Cf56&lmt=120 (Caused by SSLError(SSLError(1, '[SSL] record layer failure (_ssl.c:2648)')))",0,2026-07-06T15:22:49.073620+00:00
600919,SSLError,"HTTPSConnectionPool(host='push2his.eastmoney.com', port=443): Max retries exceeded with url: /api/qt/stock/fflow/daykline/get?secid=1.600919&fields1=f1%2Cf2%2Cf3%2Cf7&fields2=f51%2Cf52%2Cf53%2Cf54%2Cf55%2Cf56&lmt=120 (Caused by SSLError(SSLError(1, '[SSL] record layer failure (_ssl.c:2648)')))",0,2026-07-06T15:22:49.073620+00:00
600926,SSLError,"HTTPSConnectionPool(host='push2his.eastmoney.com', port=443): Max retries exceeded with url: /api/qt/stock/fflow/daykline/get?secid=1.600926&fields1=f1%2Cf2%2Cf3%2Cf7&fields2=f51%2Cf52%2Cf53%2Cf54%2Cf55%2Cf56&lmt=120 (Caused by SSLError(SSLError(1, '[SSL] record layer failure (_ssl.c:2648)')))",0,2026-07-06T15:22:49.073620+00:00
600930,SSLError,"HTTPSConnectionPool(host='push2his.eastmoney.com', port=443): Max retries exceeded with url: /api/qt/stock/fflow/daykline/get?secid=1.600930&fields1=f1%2Cf2%2Cf3%2Cf7&fields2=f51%2Cf52%2Cf53%2Cf54%2Cf55%2Cf56&lmt=120 (Caused by SSLError(SSLError(1, '[SSL] record layer failure (_ssl.c:2648)')))",0,2026-07-06T15:22:49.073620+00:00
600938,ReadTimeout,"HTTPSConnectionPool(host='push2his.eastmoney.com', port=443): Read timed out. (read timeout=4)",0,2026-07-06T15:22:49.073620+00:00
600941,SSLError,"HTTPSConnectionPool(host='push2his.eastmoney.com', port=443): Max retries exceeded with url: /api/qt/stock/fflow/daykline/get?secid=1.600941&fields1=f1%2Cf2%2Cf3%2Cf7&fields2=f51%2Cf52%2Cf53%2Cf54%2Cf55%2Cf56&lmt=120 (Caused by SSLError(SSLError(1, '[SSL] record layer failure (_ssl.c:2648)')))",0,2026-07-06T15:22:49.073620+00:00
600958,SSLError,"HTTPSConnectionPool(host='push2his.eastmoney.com', port=443): Max retries exceeded with url: /api/qt/stock/fflow/daykline/get?secid=1.600958&fields1=f1%2Cf2%2Cf3%2Cf7&fields2=f51%2Cf52%2Cf53%2Cf54%2Cf55%2Cf56&lmt=120 (Caused by SSLError(SSLError(1, '[SSL] record layer failure (_ssl.c:2648)')))",0,2026-07-06T15:22:49.073620+00:00
600989,ReadTimeout,"HTTPSConnectionPool(host='push2his.eastmoney.com', port=443): Read timed out. (read timeout=4)",0,2026-07-06T15:22:49.073620+00:00
600999,SSLError,"HTTPSConnectionPool(host='push2his.eastmoney.com', port=443): Max retries exceeded with url: /api/qt/stock/fflow/daykline/get?secid=1.600999&fields1=f1%2Cf2%2Cf3%2Cf7&fields2=f51%2Cf52%2Cf53%2Cf54%2Cf55%2Cf56&lmt=120 (Caused by SSLError(SSLError(1, '[SSL] record layer failure (_ssl.c:2648)')))",0,2026-07-06T15:22:49.073620+00:00
601006,ReadTimeout,"HTTPSConnectionPool(host='push2his.eastmoney.com', port=443): Read timed out. (read timeout=4)",0,2026-07-06T15:22:49.073620+00:00
601009,SSLError,"HTTPSConnectionPool(host='push2his.eastmoney.com', port=443): Max retries exceeded with url: /api/qt/stock/fflow/daykline/get?secid=1.601009&fields1=f1%2Cf2%2Cf3%2Cf7&fields2=f51%2Cf52%2Cf53%2Cf54%2Cf55%2Cf56&lmt=120 (Caused by SSLError(SSLError(1, '[SSL] record layer failure (_ssl.c:2648)')))",0,2026-07-06T15:22:49.073620+00:00
601012,SSLError,"HTTPSConnectionPool(host='push2his.eastmoney.com', port=443): Max retries exceeded with url: /api/qt/stock/fflow/daykline/get?secid=1.601012&fields1=f1%2Cf2%2Cf3%2Cf7&fields2=f51%2Cf52%2Cf53%2Cf54%2Cf55%2Cf56&lmt=120 (Caused by SSLError(SSLError(1, '[SSL] record layer failure (_ssl.c:2648)')))",0,2026-07-06T15:22:49.073620+00:00
601018,ReadTimeout,"HTTPSConnectionPool(host='push2his.eastmoney.com', port=443): Read timed out. (read timeout=4)",0,2026-07-06T15:22:49.073620+00:00
601021,SSLError,"HTTPSConnectionPool(host='push2his.eastmoney.com', port=443): Max retries exceeded with url: /api/qt/stock/fflow/daykline/get?secid=1.601021&fields1=f1%2Cf2%2Cf3%2Cf7&fields2=f51%2Cf52%2Cf53%2Cf54%2Cf55%2Cf56&lmt=120 (Caused by SSLError(SSLError(1, '[SSL] record layer failure (_ssl.c:2648)')))",0,2026-07-06T15:22:49.073620+00:00
601058,SSLError,"HTTPSConnectionPool(host='push2his.eastmoney.com', port=443): Max retries exceeded with url: /api/qt/stock/fflow/daykline/get?secid=1.601058&fields1=f1%2Cf2%2Cf3%2Cf7&fields2=f51%2Cf52%2Cf53%2Cf54%2Cf55%2Cf56&lmt=120 (Caused by SSLError(SSLError(1, '[SSL] record layer failure (_ssl.c:2648)')))",0,2026-07-06T15:22:49.073620+00:00
601059,SSLError,"HTTPSConnectionPool(host='push2his.eastmoney.com', port=443): Max retries exceeded with url: /api/qt/stock/fflow/daykline/get?secid=1.601059&fields1=f1%2Cf2%2Cf3%2Cf7&fields2=f51%2Cf52%2Cf53%2Cf54%2Cf55%2Cf56&lmt=120 (Caused by SSLError(SSLError(1, '[SSL] record layer failure (_ssl.c:2648)')))",0,2026-07-06T15:22:49.073620+00:00
601066,SSLError,"HTTPSConnectionPool(host='push2his.eastmoney.com', port=443): Max retries exceeded with url: /api/qt/stock/fflow/daykline/get?secid=1.601066&fields1=f1%2Cf2%2Cf3%2Cf7&fields2=f51%2Cf52%2Cf53%2Cf54%2Cf55%2Cf56&lmt=120 (Caused by SSLError(SSLError(1, '[SSL] record layer failure (_ssl.c:2648)')))",0,2026-07-06T15:22:49.073620+00:00
601077,SSLError,"HTTPSConnectionPool(host='push2his.eastmoney.com', port=443): Max retries exceeded with url: /api/qt/stock/fflow/daykline/get?secid=1.601077&fields1=f1%2Cf2%2Cf3%2Cf7&fields2=f51%2Cf52%2Cf53%2Cf54%2Cf55%2Cf56&lmt=120 (Caused by SSLError(SSLError(1, '[SSL] record layer failure (_ssl.c:2648)')))",0,2026-07-06T15:22:49.073620+00:00
601088,SSLError,"HTTPSConnectionPool(host='push2his.eastmoney.com', port=443): Max retries exceeded with url: /api/qt/stock/fflow/daykline/get?secid=1.601088&fields1=f1%2Cf2%2Cf3%2Cf7&fields2=f51%2Cf52%2Cf53%2Cf54%2Cf55%2Cf56&lmt=120 (Caused by SSLError(SSLError(1, '[SSL] record layer failure (_ssl.c:2648)')))",0,2026-07-06T15:22:49.073620+00:00
601100,SSLError,"HTTPSConnectionPool(host='push2his.eastmoney.com', port=443): Max retries exceeded with url: /api/qt/stock/fflow/daykline/get?secid=1.601100&fields1=f1%2Cf2%2Cf3%2Cf7&fields2=f51%2Cf52%2Cf53%2Cf54%2Cf55%2Cf56&lmt=120 (Caused by SSLError(SSLError(1, '[SSL] record layer failure (_ssl.c:2648)')))",0,2026-07-06T15:22:49.073620+00:00
601111,ReadTimeout,"HTTPSConnectionPool(host='push2his.eastmoney.com', port=443): Read timed out. (read timeout=4)",0,2026-07-06T15:22:49.073620+00:00
601117,SSLError,"HTTPSConnectionPool(host='push2his.eastmoney.com', port=443): Max retries exceeded with url: /api/qt/stock/fflow/daykline/get?secid=1.601117&fields1=f1%2Cf2%2Cf3%2Cf7&fields2=f51%2Cf52%2Cf53%2Cf54%2Cf55%2Cf56&lmt=120 (Caused by SSLError(SSLError(1, '[SSL] record layer failure (_ssl.c:2648)')))",0,2026-07-06T15:22:49.073620+00:00
601127,SSLError,"HTTPSConnectionPool(host='push2his.eastmoney.com', port=443): Max retries exceeded with url: /api/qt/stock/fflow/daykline/get?secid=1.601127&fields1=f1%2Cf2%2Cf3%2Cf7&fields2=f51%2Cf52%2Cf53%2Cf54%2Cf55%2Cf56&lmt=120 (Caused by SSLError(SSLError(1, '[SSL] record layer failure (_ssl.c:2648)')))",0,2026-07-06T15:22:49.073620+00:00
601136,SSLError,"HTTPSConnectionPool(host='push2his.eastmoney.com', port=443): Max retries exceeded with url: /api/qt/stock/fflow/daykline/get?secid=1.601136&fields1=f1%2Cf2%2Cf3%2Cf7&fields2=f51%2Cf52%2Cf53%2Cf54%2Cf55%2Cf56&lmt=120 (Caused by SSLError(SSLError(1, '[SSL] record layer failure (_ssl.c:2648)')))",0,2026-07-06T15:22:49.073620+00:00
601138,SSLError,"HTTPSConnectionPool(host='push2his.eastmoney.com', port=443): Max retries exceeded with url: /api/qt/stock/fflow/daykline/get?secid=1.601138&fields1=f1%2Cf2%2Cf3%2Cf7&fields2=f51%2Cf52%2Cf53%2Cf54%2Cf55%2Cf56&lmt=120 (Caused by SSLError(SSLError(1, '[SSL] record layer failure (_ssl.c:2648)')))",0,2026-07-06T15:22:49.073620+00:00
601166,ReadTimeout,"HTTPSConnectionPool(host='push2his.eastmoney.com', port=443): Read timed out. (read timeout=4)",0,2026-07-06T15:22:49.073620+00:00
601169,SSLError,"HTTPSConnectionPool(host='push2his.eastmoney.com', port=443): Max retries exceeded with url: /api/qt/stock/fflow/daykline/get?secid=1.601169&fields1=f1%2Cf2%2Cf3%2Cf7&fields2=f51%2Cf52%2Cf53%2Cf54%2Cf55%2Cf56&lmt=120 (Caused by SSLError(SSLError(1, '[SSL] record layer failure (_ssl.c:2648)')))",0,2026-07-06T15:22:49.073620+00:00
601186,ProxyError,"HTTPSConnectionPool(host='push2his.eastmoney.com', port=443): Max retries exceeded with url: /api/qt/stock/fflow/daykline/get?secid=1.601186&fields1=f1%2Cf2%2Cf3%2Cf7&fields2=f51%2Cf52%2Cf53%2Cf54%2Cf55%2Cf56&lmt=120 (Caused by ProxyError('Unable to connect to proxy', RemoteDisconnected('Remote end closed connection without response')))",0,2026-07-06T15:22:49.073620+00:00
601211,SSLError,"HTTPSConnectionPool(host='push2his.eastmoney.com', port=443): Max retries exceeded with url: /api/qt/stock/fflow/daykline/get?secid=1.601211&fields1=f1%2Cf2%2Cf3%2Cf7&fields2=f51%2Cf52%2Cf53%2Cf54%2Cf55%2Cf56&lmt=120 (Caused by SSLError(SSLError(1, '[SSL] record layer failure (_ssl.c:2648)')))",0,2026-07-06T15:22:49.073620+00:00
601225,SSLError,"HTTPSConnectionPool(host='push2his.eastmoney.com', port=443): Max retries exceeded with url: /api/qt/stock/fflow/daykline/get?secid=1.601225&fields1=f1%2Cf2%2Cf3%2Cf7&fields2=f51%2Cf52%2Cf53%2Cf54%2Cf55%2Cf56&lmt=120 (Caused by SSLError(SSLError(1, '[SSL] record layer failure (_ssl.c:2648)')))",0,2026-07-06T15:22:49.073620+00:00
601229,SSLError,"HTTPSConnectionPool(host='push2his.eastmoney.com', port=443): Max retries exceeded with url: /api/qt/stock/fflow/daykline/get?secid=1.601229&fields1=f1%2Cf2%2Cf3%2Cf7&fields2=f51%2Cf52%2Cf53%2Cf54%2Cf55%2Cf56&lmt=120 (Caused by SSLError(SSLError(1, '[SSL] record layer failure (_ssl.c:2648)')))",0,2026-07-06T15:22:49.073620+00:00
601238,ProxyError,"HTTPSConnectionPool(host='push2his.eastmoney.com', port=443): Max retries exceeded with url: /api/qt/stock/fflow/daykline/get?secid=1.601238&fields1=f1%2Cf2%2Cf3%2Cf7&fields2=f51%2Cf52%2Cf53%2Cf54%2Cf55%2Cf56&lmt=120 (Caused by ProxyError('Unable to connect to proxy', RemoteDisconnected('Remote end closed connection without response')))",0,2026-07-06T15:22:49.073620+00:00
601288,SSLError,"HTTPSConnectionPool(host='push2his.eastmoney.com', port=443): Max retries exceeded with url: /api/qt/stock/fflow/daykline/get?secid=1.601288&fields1=f1%2Cf2%2Cf3%2Cf7&fields2=f51%2Cf52%2Cf53%2Cf54%2Cf55%2Cf56&lmt=120 (Caused by SSLError(SSLError(1, '[SSL] record layer failure (_ssl.c:2648)')))",0,2026-07-06T15:22:49.073620+00:00
601318,SSLError,"HTTPSConnectionPool(host='push2his.eastmoney.com', port=443): Max retries exceeded with url: /api/qt/stock/fflow/daykline/get?secid=1.601318&fields1=f1%2Cf2%2Cf3%2Cf7&fields2=f51%2Cf52%2Cf53%2Cf54%2Cf55%2Cf56&lmt=120 (Caused by SSLError(SSLError(1, '[SSL] record layer failure (_ssl.c:2648)')))",0,2026-07-06T15:22:49.073620+00:00
601319,ProxyError,"HTTPSConnectionPool(host='push2his.eastmoney.com', port=443): Max retries exceeded with url: /api/qt/stock/fflow/daykline/get?secid=1.601319&fields1=f1%2Cf2%2Cf3%2Cf7&fields2=f51%2Cf52%2Cf53%2Cf54%2Cf55%2Cf56&lmt=120 (Caused by ProxyError('Unable to connect to proxy', RemoteDisconnected('Remote end closed connection without response')))",0,2026-07-06T15:22:49.073620+00:00
601328,SSLError,"HTTPSConnectionPool(host='push2his.eastmoney.com', port=443): Max retries exceeded with url: /api/qt/stock/fflow/daykline/get?secid=1.601328&fields1=f1%2Cf2%2Cf3%2Cf7&fields2=f51%2Cf52%2Cf53%2Cf54%2Cf55%2Cf56&lmt=120 (Caused by SSLError(SSLError(1, '[SSL] record layer failure (_ssl.c:2648)')))",0,2026-07-06T15:22:49.073620+00:00
601336,SSLError,"HTTPSConnectionPool(host='push2his.eastmoney.com', port=443): Max retries exceeded with url: /api/qt/stock/fflow/daykline/get?secid=1.601336&fields1=f1%2Cf2%2Cf3%2Cf7&fields2=f51%2Cf52%2Cf53%2Cf54%2Cf55%2Cf56&lmt=120 (Caused by SSLError(SSLError(1, '[SSL] record layer failure (_ssl.c:2648)')))",0,2026-07-06T15:22:49.073620+00:00
601360,SSLError,"HTTPSConnectionPool(host='push2his.eastmoney.com', port=443): Max retries exceeded with url: /api/qt/stock/fflow/daykline/get?secid=1.601360&fields1=f1%2Cf2%2Cf3%2Cf7&fields2=f51%2Cf52%2Cf53%2Cf54%2Cf55%2Cf56&lmt=120 (Caused by SSLError(SSLError(1, '[SSL] record layer failure (_ssl.c:2648)')))",0,2026-07-06T15:22:49.073620+00:00
601377,SSLError,"HTTPSConnectionPool(host='push2his.eastmoney.com', port=443): Max retries exceeded with url: /api/qt/stock/fflow/daykline/get?secid=1.601377&fields1=f1%2Cf2%2Cf3%2Cf7&fields2=f51%2Cf52%2Cf53%2Cf54%2Cf55%2Cf56&lmt=120 (Caused by SSLError(SSLError(1, '[SSL] record layer failure (_ssl.c:2648)')))",0,2026-07-06T15:22:49.073620+00:00
601390,ReadTimeout,"HTTPSConnectionPool(host='push2his.eastmoney.com', port=443): Read timed out. (read timeout=4)",0,2026-07-06T15:22:49.073620+00:00
601398,ReadTimeout,"HTTPSConnectionPool(host='push2his.eastmoney.com', port=443): Read timed out. (read timeout=4)",0,2026-07-06T15:22:49.073620+00:00
601456,SSLError,"HTTPSConnectionPool(host='push2his.eastmoney.com', port=443): Max retries exceeded with url: /api/qt/stock/fflow/daykline/get?secid=1.601456&fields1=f1%2Cf2%2Cf3%2Cf7&fields2=f51%2Cf52%2Cf53%2Cf54%2Cf55%2Cf56&lmt=120 (Caused by SSLError(SSLError(1, '[SSL] record layer failure (_ssl.c:2648)')))",0,2026-07-06T15:22:49.073620+00:00
601600,SSLError,"HTTPSConnectionPool(host='push2his.eastmoney.com', port=443): Max retries exceeded with url: /api/qt/stock/fflow/daykline/get?secid=1.601600&fields1=f1%2Cf2%2Cf3%2Cf7&fields2=f51%2Cf52%2Cf53%2Cf54%2Cf55%2Cf56&lmt=120 (Caused by SSLError(SSLError(1, '[SSL] record layer failure (_ssl.c:2648)')))",0,2026-07-06T15:22:49.073620+00:00
601601,SSLError,"HTTPSConnectionPool(host='push2his.eastmoney.com', port=443): Max retries exceeded with url: /api/qt/stock/fflow/daykline/get?secid=1.601601&fields1=f1%2Cf2%2Cf3%2Cf7&fields2=f51%2Cf52%2Cf53%2Cf54%2Cf55%2Cf56&lmt=120 (Caused by SSLError(SSLError(1, '[SSL] record layer failure (_ssl.c:2648)')))",0,2026-07-06T15:22:49.073620+00:00
601607,SSLError,"HTTPSConnectionPool(host='push2his.eastmoney.com', port=443): Max retries exceeded with url: /api/qt/stock/fflow/daykline/get?secid=1.601607&fields1=f1%2Cf2%2Cf3%2Cf7&fields2=f51%2Cf52%2Cf53%2Cf54%2Cf55%2Cf56&lmt=120 (Caused by SSLError(SSLError(1, '[SSL] record layer failure (_ssl.c:2648)')))",0,2026-07-06T15:22:49.073620+00:00
601618,SSLError,"HTTPSConnectionPool(host='push2his.eastmoney.com', port=443): Max retries exceeded with url: /api/qt/stock/fflow/daykline/get?secid=1.601618&fields1=f1%2Cf2%2Cf3%2Cf7&fields2=f51%2Cf52%2Cf53%2Cf54%2Cf55%2Cf56&lmt=120 (Caused by SSLError(SSLError(1, '[SSL] record layer failure (_ssl.c:2648)')))",0,2026-07-06T15:22:49.073620+00:00
601628,ReadTimeout,"HTTPSConnectionPool(host='push2his.eastmoney.com', port=443): Read timed out. (read timeout=4)",0,2026-07-06T15:22:49.073620+00:00
601633,SSLError,"HTTPSConnectionPool(host='push2his.eastmoney.com', port=443): Max retries exceeded with url: /api/qt/stock/fflow/daykline/get?secid=1.601633&fields1=f1%2Cf2%2Cf3%2Cf7&fields2=f51%2Cf52%2Cf53%2Cf54%2Cf55%2Cf56&lmt=120 (Caused by SSLError(SSLError(1, '[SSL] record layer failure (_ssl.c:2648)')))",0,2026-07-06T15:22:49.073620+00:00
601658,SSLError,"HTTPSConnectionPool(host='push2his.eastmoney.com', port=443): Max retries exceeded with url: /api/qt/stock/fflow/daykline/get?secid=1.601658&fields1=f1%2Cf2%2Cf3%2Cf7&fields2=f51%2Cf52%2Cf53%2Cf54%2Cf55%2Cf56&lmt=120 (Caused by SSLError(SSLError(1, '[SSL] record layer failure (_ssl.c:2648)')))",0,2026-07-06T15:22:49.073620+00:00
601668,ReadTimeout,"HTTPSConnectionPool(host='push2his.eastmoney.com', port=443): Read timed out. (read timeout=4)",0,2026-07-06T15:22:49.073620+00:00
601669,SSLError,"HTTPSConnectionPool(host='push2his.eastmoney.com', port=443): Max retries exceeded with url: /api/qt/stock/fflow/daykline/get?secid=1.601669&fields1=f1%2Cf2%2Cf3%2Cf7&fields2=f51%2Cf52%2Cf53%2Cf54%2Cf55%2Cf56&lmt=120 (Caused by SSLError(SSLError(1, '[SSL] record layer failure (_ssl.c:2648)')))",0,2026-07-06T15:22:49.073620+00:00
601688,SSLError,"HTTPSConnectionPool(host='push2his.eastmoney.com', port=443): Max retries exceeded with url: /api/qt/stock/fflow/daykline/get?secid=1.601688&fields1=f1%2Cf2%2Cf3%2Cf7&fields2=f51%2Cf52%2Cf53%2Cf54%2Cf55%2Cf56&lmt=120 (Caused by SSLError(SSLError(1, '[SSL] record layer failure (_ssl.c:2648)')))",0,2026-07-06T15:22:49.073620+00:00
601689,SSLError,"HTTPSConnectionPool(host='push2his.eastmoney.com', port=443): Max retries exceeded with url: /api/qt/stock/fflow/daykline/get?secid=1.601689&fields1=f1%2Cf2%2Cf3%2Cf7&fields2=f51%2Cf52%2Cf53%2Cf54%2Cf55%2Cf56&lmt=120 (Caused by SSLError(SSLError(1, '[SSL] record layer failure (_ssl.c:2648)')))",0,2026-07-06T15:22:49.073620+00:00
601698,ProxyError,"HTTPSConnectionPool(host='push2his.eastmoney.com', port=443): Max retries exceeded with url: /api/qt/stock/fflow/daykline/get?secid=1.601698&fields1=f1%2Cf2%2Cf3%2Cf7&fields2=f51%2Cf52%2Cf53%2Cf54%2Cf55%2Cf56&lmt=120 (Caused by ProxyError('Unable to connect to proxy', RemoteDisconnected('Remote end closed connection without response')))",0,2026-07-06T15:22:49.073620+00:00
601727,SSLError,"HTTPSConnectionPool(host='push2his.eastmoney.com', port=443): Max retries exceeded with url: /api/qt/stock/fflow/daykline/get?secid=1.601727&fields1=f1%2Cf2%2Cf3%2Cf7&fields2=f51%2Cf52%2Cf53%2Cf54%2Cf55%2Cf56&lmt=120 (Caused by SSLError(SSLError(1, '[SSL] record layer failure (_ssl.c:2648)')))",0,2026-07-06T15:22:49.073620+00:00
601728,SSLError,"HTTPSConnectionPool(host='push2his.eastmoney.com', port=443): Max retries exceeded with url: /api/qt/stock/fflow/daykline/get?secid=1.601728&fields1=f1%2Cf2%2Cf3%2Cf7&fields2=f51%2Cf52%2Cf53%2Cf54%2Cf55%2Cf56&lmt=120 (Caused by SSLError(SSLError(1, '[SSL] record layer failure (_ssl.c:2648)')))",0,2026-07-06T15:22:49.073620+00:00
601766,SSLError,"HTTPSConnectionPool(host='push2his.eastmoney.com', port=443): Max retries exceeded with url: /api/qt/stock/fflow/daykline/get?secid=1.601766&fields1=f1%2Cf2%2Cf3%2Cf7&fields2=f51%2Cf52%2Cf53%2Cf54%2Cf55%2Cf56&lmt=120 (Caused by SSLError(SSLError(1, '[SSL] record layer failure (_ssl.c:2648)')))",0,2026-07-06T15:22:49.073620+00:00
601788,SSLError,"HTTPSConnectionPool(host='push2his.eastmoney.com', port=443): Max retries exceeded with url: /api/qt/stock/fflow/daykline/get?secid=1.601788&fields1=f1%2Cf2%2Cf3%2Cf7&fields2=f51%2Cf52%2Cf53%2Cf54%2Cf55%2Cf56&lmt=120 (Caused by SSLError(SSLError(1, '[SSL] record layer failure (_ssl.c:2648)')))",0,2026-07-06T15:22:49.073620+00:00
601800,SSLError,"HTTPSConnectionPool(host='push2his.eastmoney.com', port=443): Max retries exceeded with url: /api/qt/stock/fflow/daykline/get?secid=1.601800&fields1=f1%2Cf2%2Cf3%2Cf7&fields2=f51%2Cf52%2Cf53%2Cf54%2Cf55%2Cf56&lmt=120 (Caused by SSLError(SSLError(1, '[SSL] record layer failure (_ssl.c:2648)')))",0,2026-07-06T15:22:49.073620+00:00
601816,ReadTimeout,"HTTPSConnectionPool(host='push2his.eastmoney.com', port=443): Read timed out. (read timeout=4)",0,2026-07-06T15:22:49.073620+00:00
601818,SSLError,"HTTPSConnectionPool(host='push2his.eastmoney.com', port=443): Max retries exceeded with url: /api/qt/stock/fflow/daykline/get?secid=1.601818&fields1=f1%2Cf2%2Cf3%2Cf7&fields2=f51%2Cf52%2Cf53%2Cf54%2Cf55%2Cf56&lmt=120 (Caused by SSLError(SSLError(1, '[SSL] record layer failure (_ssl.c:2648)')))",0,2026-07-06T15:22:49.073620+00:00
601825,SSLError,"HTTPSConnectionPool(host='push2his.eastmoney.com', port=443): Max retries exceeded with url: /api/qt/stock/fflow/daykline/get?secid=1.601825&fields1=f1%2Cf2%2Cf3%2Cf7&fields2=f51%2Cf52%2Cf53%2Cf54%2Cf55%2Cf56&lmt=120 (Caused by SSLError(SSLError(1, '[SSL] record layer failure (_ssl.c:2648)')))",0,2026-07-06T15:22:49.073620+00:00
601838,SSLError,"HTTPSConnectionPool(host='push2his.eastmoney.com', port=443): Max retries exceeded with url: /api/qt/stock/fflow/daykline/get?secid=1.601838&fields1=f1%2Cf2%2Cf3%2Cf7&fields2=f51%2Cf52%2Cf53%2Cf54%2Cf55%2Cf56&lmt=120 (Caused by SSLError(SSLError(1, '[SSL] record layer failure (_ssl.c:2648)')))",0,2026-07-06T15:22:49.073620+00:00
601857,SSLError,"HTTPSConnectionPool(host='push2his.eastmoney.com', port=443): Max retries exceeded with url: /api/qt/stock/fflow/daykline/get?secid=1.601857&fields1=f1%2Cf2%2Cf3%2Cf7&fields2=f51%2Cf52%2Cf53%2Cf54%2Cf55%2Cf56&lmt=120 (Caused by SSLError(SSLError(1, '[SSL] record layer failure (_ssl.c:2648)')))",0,2026-07-06T15:22:49.073620+00:00
601868,SSLError,"HTTPSConnectionPool(host='push2his.eastmoney.com', port=443): Max retries exceeded with url: /api/qt/stock/fflow/daykline/get?secid=1.601868&fields1=f1%2Cf2%2Cf3%2Cf7&fields2=f51%2Cf52%2Cf53%2Cf54%2Cf55%2Cf56&lmt=120 (Caused by SSLError(SSLError(1, '[SSL] record layer failure (_ssl.c:2648)')))",0,2026-07-06T15:22:49.073620+00:00
601872,SSLError,"HTTPSConnectionPool(host='push2his.eastmoney.com', port=443): Max retries exceeded with url: /api/qt/stock/fflow/daykline/get?secid=1.601872&fields1=f1%2Cf2%2Cf3%2Cf7&fields2=f51%2Cf52%2Cf53%2Cf54%2Cf55%2Cf56&lmt=120 (Caused by SSLError(SSLError(1, '[SSL] record layer failure (_ssl.c:2648)')))",0,2026-07-06T15:22:49.073620+00:00
601877,ReadTimeout,"HTTPSConnectionPool(host='push2his.eastmoney.com', port=443): Read timed out. (read timeout=4)",0,2026-07-06T15:22:49.073620+00:00
601878,SSLError,"HTTPSConnectionPool(host='push2his.eastmoney.com', port=443): Max retries exceeded with url: /api/qt/stock/fflow/daykline/get?secid=1.601878&fields1=f1%2Cf2%2Cf3%2Cf7&fields2=f51%2Cf52%2Cf53%2Cf54%2Cf55%2Cf56&lmt=120 (Caused by SSLError(SSLError(1, '[SSL] record layer failure (_ssl.c:2648)')))",0,2026-07-06T15:22:49.073620+00:00
601881,SSLError,"HTTPSConnectionPool(host='push2his.eastmoney.com', port=443): Max retries exceeded with url: /api/qt/stock/fflow/daykline/get?secid=1.601881&fields1=f1%2Cf2%2Cf3%2Cf7&fields2=f51%2Cf52%2Cf53%2Cf54%2Cf55%2Cf56&lmt=120 (Caused by SSLError(SSLError(1, '[SSL] record layer failure (_ssl.c:2648)')))",0,2026-07-06T15:22:49.073620+00:00
601888,SSLError,"HTTPSConnectionPool(host='push2his.eastmoney.com', port=443): Max retries exceeded with url: /api/qt/stock/fflow/daykline/get?secid=1.601888&fields1=f1%2Cf2%2Cf3%2Cf7&fields2=f51%2Cf52%2Cf53%2Cf54%2Cf55%2Cf56&lmt=120 (Caused by SSLError(SSLError(1, '[SSL] record layer failure (_ssl.c:2648)')))",0,2026-07-06T15:22:49.073620+00:00
601898,SSLError,"HTTPSConnectionPool(host='push2his.eastmoney.com', port=443): Max retries exceeded with url: /api/qt/stock/fflow/daykline/get?secid=1.601898&fields1=f1%2Cf2%2Cf3%2Cf7&fields2=f51%2Cf52%2Cf53%2Cf54%2Cf55%2Cf56&lmt=120 (Caused by SSLError(SSLError(1, '[SSL] record layer failure (_ssl.c:2648)')))",0,2026-07-06T15:22:49.073620+00:00
601899,SSLError,"HTTPSConnectionPool(host='push2his.eastmoney.com', port=443): Max retries exceeded with url: /api/qt/stock/fflow/daykline/get?secid=1.601899&fields1=f1%2Cf2%2Cf3%2Cf7&fields2=f51%2Cf52%2Cf53%2Cf54%2Cf55%2Cf56&lmt=120 (Caused by SSLError(SSLError(1, '[SSL] record layer failure (_ssl.c:2648)')))",0,2026-07-06T15:22:49.073620+00:00
601901,SSLError,"HTTPSConnectionPool(host='push2his.eastmoney.com', port=443): Max retries exceeded with url: /api/qt/stock/fflow/daykline/get?secid=1.601901&fields1=f1%2Cf2%2Cf3%2Cf7&fields2=f51%2Cf52%2Cf53%2Cf54%2Cf55%2Cf56&lmt=120 (Caused by SSLError(SSLError(1, '[SSL] record layer failure (_ssl.c:2648)')))",0,2026-07-06T15:22:49.073620+00:00
601916,SSLError,"HTTPSConnectionPool(host='push2his.eastmoney.com', port=443): Max retries exceeded with url: /api/qt/stock/fflow/daykline/get?secid=1.601916&fields1=f1%2Cf2%2Cf3%2Cf7&fields2=f51%2Cf52%2Cf53%2Cf54%2Cf55%2Cf56&lmt=120 (Caused by SSLError(SSLError(1, '[SSL] record layer failure (_ssl.c:2648)')))",0,2026-07-06T15:22:49.073620+00:00
601919,SSLError,"HTTPSConnectionPool(host='push2his.eastmoney.com', port=443): Max retries exceeded with url: /api/qt/stock/fflow/daykline/get?secid=1.601919&fields1=f1%2Cf2%2Cf3%2Cf7&fields2=f51%2Cf52%2Cf53%2Cf54%2Cf55%2Cf56&lmt=120 (Caused by SSLError(SSLError(1, '[SSL] record layer failure (_ssl.c:2648)')))",0,2026-07-06T15:22:49.073620+00:00
601939,SSLError,"HTTPSConnectionPool(host='push2his.eastmoney.com', port=443): Max retries exceeded with url: /api/qt/stock/fflow/daykline/get?secid=1.601939&fields1=f1%2Cf2%2Cf3%2Cf7&fields2=f51%2Cf52%2Cf53%2Cf54%2Cf55%2Cf56&lmt=120 (Caused by SSLError(SSLError(1, '[SSL] record layer failure (_ssl.c:2648)')))",0,2026-07-06T15:22:49.073620+00:00
601985,SSLError,"HTTPSConnectionPool(host='push2his.eastmoney.com', port=443): Max retries exceeded with url: /api/qt/stock/fflow/daykline/get?secid=1.601985&fields1=f1%2Cf2%2Cf3%2Cf7&fields2=f51%2Cf52%2Cf53%2Cf54%2Cf55%2Cf56&lmt=120 (Caused by SSLError(SSLError(1, '[SSL] record layer failure (_ssl.c:2648)')))",0,2026-07-06T15:22:49.073620+00:00
601988,ReadTimeout,"HTTPSConnectionPool(host='push2his.eastmoney.com', port=443): Read timed out. (read timeout=4)",0,2026-07-06T15:22:49.073620+00:00
601995,ReadTimeout,"HTTPSConnectionPool(host='push2his.eastmoney.com', port=443): Read timed out. (read timeout=4)",0,2026-07-06T15:22:49.073620+00:00
601998,SSLError,"HTTPSConnectionPool(host='push2his.eastmoney.com', port=443): Max retries exceeded with url: /api/qt/stock/fflow/daykline/get?secid=1.601998&fields1=f1%2Cf2%2Cf3%2Cf7&fields2=f51%2Cf52%2Cf53%2Cf54%2Cf55%2Cf56&lmt=120 (Caused by SSLError(SSLError(1, '[SSL] record layer failure (_ssl.c:2648)')))",0,2026-07-06T15:22:49.073620+00:00
603019,SSLError,"HTTPSConnectionPool(host='push2his.eastmoney.com', port=443): Max retries exceeded with url: /api/qt/stock/fflow/daykline/get?secid=1.603019&fields1=f1%2Cf2%2Cf3%2Cf7&fields2=f51%2Cf52%2Cf53%2Cf54%2Cf55%2Cf56&lmt=120 (Caused by SSLError(SSLError(1, '[SSL] record layer failure (_ssl.c:2648)')))",0,2026-07-06T15:22:49.073620+00:00
603259,SSLError,"HTTPSConnectionPool(host='push2his.eastmoney.com', port=443): Max retries exceeded with url: /api/qt/stock/fflow/daykline/get?secid=1.603259&fields1=f1%2Cf2%2Cf3%2Cf7&fields2=f51%2Cf52%2Cf53%2Cf54%2Cf55%2Cf56&lmt=120 (Caused by SSLError(SSLError(1, '[SSL] record layer failure (_ssl.c:2648)')))",0,2026-07-06T15:22:49.073620+00:00
603260,SSLError,"HTTPSConnectionPool(host='push2his.eastmoney.com', port=443): Max retries exceeded with url: /api/qt/stock/fflow/daykline/get?secid=1.603260&fields1=f1%2Cf2%2Cf3%2Cf7&fields2=f51%2Cf52%2Cf53%2Cf54%2Cf55%2Cf56&lmt=120 (Caused by SSLError(SSLError(1, '[SSL] record layer failure (_ssl.c:2648)')))",0,2026-07-06T15:22:49.073620+00:00
603288,ReadTimeout,"HTTPSConnectionPool(host='push2his.eastmoney.com', port=443): Read timed out. (read timeout=4)",0,2026-07-06T15:22:49.073620+00:00
603296,ReadTimeout,"HTTPSConnectionPool(host='push2his.eastmoney.com', port=443): Read timed out. (read timeout=4)",0,2026-07-06T15:22:49.073620+00:00
603369,SSLError,"HTTPSConnectionPool(host='push2his.eastmoney.com', port=443): Max retries exceeded with url: /api/qt/stock/fflow/daykline/get?secid=1.603369&fields1=f1%2Cf2%2Cf3%2Cf7&fields2=f51%2Cf52%2Cf53%2Cf54%2Cf55%2Cf56&lmt=120 (Caused by SSLError(SSLError(1, '[SSL] record layer failure (_ssl.c:2648)')))",0,2026-07-06T15:22:49.073620+00:00
603392,ReadTimeout,"HTTPSConnectionPool(host='push2his.eastmoney.com', port=443): Read timed out. (read timeout=4)",0,2026-07-06T15:22:49.073620+00:00
603501,SSLError,"HTTPSConnectionPool(host='push2his.eastmoney.com', port=443): Max retries exceeded with url: /api/qt/stock/fflow/daykline/get?secid=1.603501&fields1=f1%2Cf2%2Cf3%2Cf7&fields2=f51%2Cf52%2Cf53%2Cf54%2Cf55%2Cf56&lmt=120 (Caused by SSLError(SSLError(1, '[SSL] record layer failure (_ssl.c:2648)')))",0,2026-07-06T15:22:49.073620+00:00
603799,SSLError,"HTTPSConnectionPool(host='push2his.eastmoney.com', port=443): Max retries exceeded with url: /api/qt/stock/fflow/daykline/get?secid=1.603799&fields1=f1%2Cf2%2Cf3%2Cf7&fields2=f51%2Cf52%2Cf53%2Cf54%2Cf55%2Cf56&lmt=120 (Caused by SSLError(SSLError(1, '[SSL] record layer failure (_ssl.c:2648)')))",0,2026-07-06T15:22:49.073620+00:00
603893,SSLError,"HTTPSConnectionPool(host='push2his.eastmoney.com', port=443): Max retries exceeded with url: /api/qt/stock/fflow/daykline/get?secid=1.603893&fields1=f1%2Cf2%2Cf3%2Cf7&fields2=f51%2Cf52%2Cf53%2Cf54%2Cf55%2Cf56&lmt=120 (Caused by SSLError(SSLError(1, '[SSL] record layer failure (_ssl.c:2648)')))",0,2026-07-06T15:22:49.073620+00:00
603986,SSLError,"HTTPSConnectionPool(host='push2his.eastmoney.com', port=443): Max retries exceeded with url: /api/qt/stock/fflow/daykline/get?secid=1.603986&fields1=f1%2Cf2%2Cf3%2Cf7&fields2=f51%2Cf52%2Cf53%2Cf54%2Cf55%2Cf56&lmt=120 (Caused by SSLError(SSLError(1, '[SSL] record layer failure (_ssl.c:2648)')))",0,2026-07-06T15:22:49.073620+00:00
603993,SSLError,"HTTPSConnectionPool(host='push2his.eastmoney.com', port=443): Max retries exceeded with url: /api/qt/stock/fflow/daykline/get?secid=1.603993&fields1=f1%2Cf2%2Cf3%2Cf7&fields2=f51%2Cf52%2Cf53%2Cf54%2Cf55%2Cf56&lmt=120 (Caused by SSLError(SSLError(1, '[SSL] record layer failure (_ssl.c:2648)')))",0,2026-07-06T15:22:49.073620+00:00
605117,ReadTimeout,"HTTPSConnectionPool(host='push2his.eastmoney.com', port=443): Read timed out. (read timeout=4)",0,2026-07-06T15:22:49.073620+00:00
605499,ReadTimeout,"HTTPSConnectionPool(host='push2his.eastmoney.com', port=443): Read timed out. (read timeout=4)",0,2026-07-06T15:22:49.073620+00:00
688008,ProxyError,"HTTPSConnectionPool(host='push2his.eastmoney.com', port=443): Max retries exceeded with url: /api/qt/stock/fflow/daykline/get?secid=1.688008&fields1=f1%2Cf2%2Cf3%2Cf7&fields2=f51%2Cf52%2Cf53%2Cf54%2Cf55%2Cf56&lmt=120 (Caused by ProxyError('Unable to connect to proxy', RemoteDisconnected('Remote end closed connection without response')))",0,2026-07-06T15:22:49.073620+00:00
688009,SSLError,"HTTPSConnectionPool(host='push2his.eastmoney.com', port=443): Max retries exceeded with url: /api/qt/stock/fflow/daykline/get?secid=1.688009&fields1=f1%2Cf2%2Cf3%2Cf7&fields2=f51%2Cf52%2Cf53%2Cf54%2Cf55%2Cf56&lmt=120 (Caused by SSLError(SSLError(1, '[SSL] record layer failure (_ssl.c:2648)')))",0,2026-07-06T15:22:49.073620+00:00
688012,ProxyError,"HTTPSConnectionPool(host='push2his.eastmoney.com', port=443): Max retries exceeded with url: /api/qt/stock/fflow/daykline/get?secid=1.688012&fields1=f1%2Cf2%2Cf3%2Cf7&fields2=f51%2Cf52%2Cf53%2Cf54%2Cf55%2Cf56&lmt=120 (Caused by ProxyError('Unable to connect to proxy', RemoteDisconnected('Remote end closed connection without response')))",0,2026-07-06T15:22:49.073620+00:00
688036,SSLError,"HTTPSConnectionPool(host='push2his.eastmoney.com', port=443): Max retries exceeded with url: /api/qt/stock/fflow/daykline/get?secid=1.688036&fields1=f1%2Cf2%2Cf3%2Cf7&fields2=f51%2Cf52%2Cf53%2Cf54%2Cf55%2Cf56&lmt=120 (Caused by SSLError(SSLError(1, '[SSL] record layer failure (_ssl.c:2648)')))",0,2026-07-06T15:22:49.073620+00:00
688047,SSLError,"HTTPSConnectionPool(host='push2his.eastmoney.com', port=443): Max retries exceeded with url: /api/qt/stock/fflow/daykline/get?secid=1.688047&fields1=f1%2Cf2%2Cf3%2Cf7&fields2=f51%2Cf52%2Cf53%2Cf54%2Cf55%2Cf56&lmt=120 (Caused by SSLError(SSLError(1, '[SSL] record layer failure (_ssl.c:2648)')))",0,2026-07-06T15:22:49.073620+00:00
688072,ReadTimeout,"HTTPSConnectionPool(host='push2his.eastmoney.com', port=443): Read timed out. (read timeout=4)",0,2026-07-06T15:22:49.073620+00:00
688082,SSLError,"HTTPSConnectionPool(host='push2his.eastmoney.com', port=443): Max retries exceeded with url: /api/qt/stock/fflow/daykline/get?secid=1.688082&fields1=f1%2Cf2%2Cf3%2Cf7&fields2=f51%2Cf52%2Cf53%2Cf54%2Cf55%2Cf56&lmt=120 (Caused by SSLError(SSLError(1, '[SSL] record layer failure (_ssl.c:2648)')))",0,2026-07-06T15:22:49.073620+00:00
688111,ReadTimeout,"HTTPSConnectionPool(host='push2his.eastmoney.com', port=443): Read timed out. (read timeout=4)",0,2026-07-06T15:22:49.073620+00:00
688126,ReadTimeout,"HTTPSConnectionPool(host='push2his.eastmoney.com', port=443): Read timed out. (read timeout=4)",0,2026-07-06T15:22:49.073620+00:00
688183,ReadTimeout,"HTTPSConnectionPool(host='push2his.eastmoney.com', port=443): Read timed out. (read timeout=4)",0,2026-07-06T15:22:49.073620+00:00
688223,SSLError,"HTTPSConnectionPool(host='push2his.eastmoney.com', port=443): Max retries exceeded with url: /api/qt/stock/fflow/daykline/get?secid=1.688223&fields1=f1%2Cf2%2Cf3%2Cf7&fields2=f51%2Cf52%2Cf53%2Cf54%2Cf55%2Cf56&lmt=120 (Caused by SSLError(SSLError(1, '[SSL] record layer failure (_ssl.c:2648)')))",0,2026-07-06T15:22:49.073620+00:00
688256,ReadTimeout,"HTTPSConnectionPool(host='push2his.eastmoney.com', port=443): Read timed out. (read timeout=4)",0,2026-07-06T15:22:49.073620+00:00
688271,SSLError,"HTTPSConnectionPool(host='push2his.eastmoney.com', port=443): Max retries exceeded with url: /api/qt/stock/fflow/daykline/get?secid=1.688271&fields1=f1%2Cf2%2Cf3%2Cf7&fields2=f51%2Cf52%2Cf53%2Cf54%2Cf55%2Cf56&lmt=120 (Caused by SSLError(SSLError(1, '[SSL] record layer failure (_ssl.c:2648)')))",0,2026-07-06T15:22:49.073620+00:00
688303,SSLError,"HTTPSConnectionPool(host='push2his.eastmoney.com', port=443): Max retries exceeded with url: /api/qt/stock/fflow/daykline/get?secid=1.688303&fields1=f1%2Cf2%2Cf3%2Cf7&fields2=f51%2Cf52%2Cf53%2Cf54%2Cf55%2Cf56&lmt=120 (Caused by SSLError(SSLError(1, '[SSL] record layer failure (_ssl.c:2648)')))",0,2026-07-06T15:22:49.073620+00:00
688396,ReadTimeout,"HTTPSConnectionPool(host='push2his.eastmoney.com', port=443): Read timed out. (read timeout=4)",0,2026-07-06T15:22:49.073620+00:00
688472,ReadTimeout,"HTTPSConnectionPool(host='push2his.eastmoney.com', port=443): Read timed out. (read timeout=4)",0,2026-07-06T15:22:49.073620+00:00
688506,ReadTimeout,"HTTPSConnectionPool(host='push2his.eastmoney.com', port=443): Read timed out. (read timeout=4)",0,2026-07-06T15:22:49.073620+00:00
688521,SSLError,"HTTPSConnectionPool(host='push2his.eastmoney.com', port=443): Max retries exceeded with url: /api/qt/stock/fflow/daykline/get?secid=1.688521&fields1=f1%2Cf2%2Cf3%2Cf7&fields2=f51%2Cf52%2Cf53%2Cf54%2Cf55%2Cf56&lmt=120 (Caused by SSLError(SSLError(1, '[SSL] record layer failure (_ssl.c:2648)')))",0,2026-07-06T15:22:49.073620+00:00
688981,SSLError,"HTTPSConnectionPool(host='push2his.eastmoney.com', port=443): Max retries exceeded with url: /api/qt/stock/fflow/daykline/get?secid=1.688981&fields1=f1%2Cf2%2Cf3%2Cf7&fields2=f51%2Cf52%2Cf53%2Cf54%2Cf55%2Cf56&lmt=120 (Caused by SSLError(SSLError(1, '[SSL] record layer failure (_ssl.c:2648)')))",0,2026-07-06T15:22:49.073620+00:00
